model_key,model_label,route,ep,run_kind,device,global_experts,local_experts,top_k,hidden,intermediate,global_tokens_value,local_tokens_value,case,case_label,status,total_ms,speed_vs_sonic,total_valid_tflops,max_deepseek_calc_diff,gpu_memory_peak_gb,output_dir,source_results_json,error_log_path,error_tail
qwen3_30b,Qwen3-30B-A3B,balanced,1,deepgemm,2,128,128,8,2048,768,4096,4096,deepgemm_fp8,DeepGEMM FP8,ok,4.2655142903645835,,72.49715374545579,7.46489736691558e-09,4.18134016,artifacts/sm90_fp8_wgrad_matrix_full_20260629T100608Z/qwen3_30b/ep1/balanced/deepgemm,artifacts/sm90_fp8_wgrad_matrix_full_20260629T100608Z/qwen3_30b/ep1/balanced/deepgemm/results.json,,
qwen3_30b,Qwen3-30B-A3B,balanced,1,deepgemm,2,128,128,8,2048,768,8192,8192,deepgemm_fp8,DeepGEMM FP8,ok,4.520231673177084,,136.82380358821283,1.1350410833443902e-08,5.067065344,artifacts/sm90_fp8_wgrad_matrix_full_20260629T100608Z/qwen3_30b/ep1/balanced/deepgemm,artifacts/sm90_fp8_wgrad_matrix_full_20260629T100608Z/qwen3_30b/ep1/balanced/deepgemm/results.json,,
qwen3_30b,Qwen3-30B-A3B,skewed,1,deepgemm,5,128,128,8,2048,768,4096,4096,deepgemm_fp8,DeepGEMM FP8,failed,4.3672159505208334,,70.80887430701026,0.0022342485624872177,4.301070336,artifacts/sm90_fp8_wgrad_matrix_full_20260629T100608Z/qwen3_30b/ep1/skewed/deepgemm,artifacts/sm90_fp8_wgrad_matrix_full_20260629T100608Z/qwen3_30b/ep1/skewed/deepgemm/results.json,artifacts/sm90_fp8_wgrad_matrix_full_20260629T100608Z/qwen3_30b/ep1/skewed/deepgemm/tokens_4k_deepgemm_fp8/logs/deepgemm_fp8.error.log,DeepSeek calc_diff max=2.234249e-03 exceeds gate 1.000000e-03; down=2.234249e-03; gate_up=1.282205e-03
qwen3_30b,Qwen3-30B-A3B,skewed,1,deepgemm,5,128,128,8,2048,768,8192,8192,deepgemm_fp8,DeepGEMM FP8,ok,4.7421236328125,,130.42158714389936,0.0009794324225987916,5.172365312,artifacts/sm90_fp8_wgrad_matrix_full_20260629T100608Z/qwen3_30b/ep1/skewed/deepgemm,artifacts/sm90_fp8_wgrad_matrix_full_20260629T100608Z/qwen3_30b/ep1/skewed/deepgemm/results.json,,
qwen3_30b,Qwen3-30B-A3B,balanced,8,deepgemm,5,128,16,8,2048,768,4096,4096,deepgemm_fp8,DeepGEMM FP8,ok,0.9130219238281251,,338.6968453237422,7.46466610745955e-09,1.363813888,artifacts/sm90_fp8_wgrad_matrix_full_20260629T100608Z/qwen3_30b/ep8/balanced/deepgemm,artifacts/sm90_fp8_wgrad_matrix_full_20260629T100608Z/qwen3_30b/ep8/balanced/deepgemm/results.json,,
qwen3_30b,Qwen3-30B-A3B,balanced,8,deepgemm,5,128,16,8,2048,768,8192,8192,deepgemm_fp8,DeepGEMM FP8,ok,1.483495263671875,,416.9041221561976,1.6171865735437052e-08,2.249539072,artifacts/sm90_fp8_wgrad_matrix_full_20260629T100608Z/qwen3_30b/ep8/balanced/deepgemm,artifacts/sm90_fp8_wgrad_matrix_full_20260629T100608Z/qwen3_30b/ep8/balanced/deepgemm/results.json,,
qwen3_30b,Qwen3-30B-A3B,balanced,1,sonic_custom,1,128,128,8,2048,768,4096,4096,sonic_bf16,Sonic BF16,ok,1.4436803059895833,1.0,214.20091694056205,6.210555403285412e-10,1.72976896,artifacts/sm90_fp8_wgrad_matrix_full_20260629T100608Z/qwen3_30b/ep1/balanced/sonic_custom,artifacts/sm90_fp8_wgrad_matrix_full_20260629T100608Z/qwen3_30b/ep1/balanced/sonic_custom/results.json,,
qwen3_30b,Qwen3-30B-A3B,balanced,1,sonic_custom,1,128,128,8,2048,768,4096,4096,custom_cute_fp8_bf16_out,Custom CuTe FP8,ok,1.07521298828125,1.3426923983659609,287.60594289911126,2.461869030856434e-07,1.944202752,artifacts/sm90_fp8_wgrad_matrix_full_20260629T100608Z/qwen3_30b/ep1/balanced/sonic_custom,artifacts/sm90_fp8_wgrad_matrix_full_20260629T100608Z/qwen3_30b/ep1/balanced/sonic_custom/results.json,,
qwen3_30b,Qwen3-30B-A3B,balanced,1,sonic_custom,1,128,128,8,2048,768,8192,8192,sonic_bf16,Sonic BF16,ok,2.4385115234375,1.0,253.62820092486297,1.3970831158616193e-09,2.189704704,artifacts/sm90_fp8_wgrad_matrix_full_20260629T100608Z/qwen3_30b/ep1/balanced/sonic_custom,artifacts/sm90_fp8_wgrad_matrix_full_20260629T100608Z/qwen3_30b/ep1/balanced/sonic_custom/results.json,,
qwen3_30b,Qwen3-30B-A3B,balanced,1,sonic_custom,1,128,128,8,2048,768,8192,8192,custom_cute_fp8_bf16_out,Custom CuTe FP8,ok,1.7033381510416667,1.4316074127419987,363.0960125244509,2.4360987516125476e-07,2.613591552,artifacts/sm90_fp8_wgrad_matrix_full_20260629T100608Z/qwen3_30b/ep1/balanced/sonic_custom,artifacts/sm90_fp8_wgrad_matrix_full_20260629T100608Z/qwen3_30b/ep1/balanced/sonic_custom/results.json,,
qwen3_30b,Qwen3-30B-A3B,balanced,1,sonic_custom,1,128,128,8,2048,768,16384,16384,sonic_bf16,Sonic BF16,ok,4.653739322916667,1.0,265.7971354684212,2.01860661519504e-09,3.100139008,artifacts/sm90_fp8_wgrad_matrix_full_20260629T100608Z/qwen3_30b/ep1/balanced/sonic_custom,artifacts/sm90_fp8_wgrad_matrix_full_20260629T100608Z/qwen3_30b/ep1/balanced/sonic_custom/results.json,,
qwen3_30b,Qwen3-30B-A3B,balanced,1,sonic_custom,1,128,128,8,2048,768,16384,16384,custom_cute_fp8_bf16_out,Custom CuTe FP8,ok,2.9622222005208334,1.5710297904385504,417.5752180341207,2.3975011487209485e-07,3.952369152,artifacts/sm90_fp8_wgrad_matrix_full_20260629T100608Z/qwen3_30b/ep1/balanced/sonic_custom,artifacts/sm90_fp8_wgrad_matrix_full_20260629T100608Z/qwen3_30b/ep1/balanced/sonic_custom/results.json,,
qwen3_30b,Qwen3-30B-A3B,balanced,1,sonic_custom,1,128,128,8,2048,768,32768,32768,sonic_bf16,Sonic BF16,ok,8.890300520833334,1.0,278.2696891627808,6.2074473339279734e-09,4.927299072,artifacts/sm90_fp8_wgrad_matrix_full_20260629T100608Z/qwen3_30b/ep1/balanced/sonic_custom,artifacts/sm90_fp8_wgrad_matrix_full_20260629T100608Z/qwen3_30b/ep1/balanced/sonic_custom/results.json,,
qwen3_30b,Qwen3-30B-A3B,balanced,1,sonic_custom,1,128,128,8,2048,768,32768,32768,custom_cute_fp8_bf16_out,Custom CuTe FP8,ok,5.436136328125,1.6354079412684124,455.08445947110437,2.4094211437120094e-07,6.629924352,artifacts/sm90_fp8_wgrad_matrix_full_20260629T100608Z/qwen3_30b/ep1/balanced/sonic_custom,artifacts/sm90_fp8_wgrad_matrix_full_20260629T100608Z/qwen3_30b/ep1/balanced/sonic_custom/results.json,,
qwen3_30b,Qwen3-30B-A3B,skewed,8,deepgemm,1,128,16,8,2048,768,4096,4096,deepgemm_fp8,DeepGEMM FP8,ok,1.0160157877604166,,304.36303159584395,1.119368564506118e-08,1.379925504,artifacts/sm90_fp8_wgrad_matrix_full_20260629T100608Z/qwen3_30b/ep8/skewed/deepgemm,artifacts/sm90_fp8_wgrad_matrix_full_20260629T100608Z/qwen3_30b/ep8/skewed/deepgemm/results.json,,
qwen3_30b,Qwen3-30B-A3B,skewed,8,deepgemm,1,128,16,8,2048,768,8192,8192,deepgemm_fp8,DeepGEMM FP8,ok,1.6713918294270833,,370.0360859344393,1.2433892027097215e-08,2.2631552,artifacts/sm90_fp8_wgrad_matrix_full_20260629T100608Z/qwen3_30b/ep8/skewed/deepgemm,artifacts/sm90_fp8_wgrad_matrix_full_20260629T100608Z/qwen3_30b/ep8/skewed/deepgemm/results.json,,
qwen3_30b,Qwen3-30B-A3B,balanced,8,sonic_custom,2,128,16,8,2048,768,4096,4096,sonic_bf16,Sonic BF16,ok,1.0126392252604166,1.0,305.3779051788898,8.694189035374222e-09,0.698491904,artifacts/sm90_fp8_wgrad_matrix_full_20260629T100608Z/qwen3_30b/ep8/balanced/sonic_custom,artifacts/sm90_fp8_wgrad_matrix_full_20260629T100608Z/qwen3_30b/ep8/balanced/sonic_custom/results.json,,
qwen3_30b,Qwen3-30B-A3B,balanced,8,sonic_custom,2,128,16,8,2048,768,4096,4096,custom_cute_fp8_bf16_out,Custom CuTe FP8,ok,0.7418250651041667,1.3650647206403337,416.86060482275155,2.3638178969775936e-07,0.887235584,artifacts/sm90_fp8_wgrad_matrix_full_20260629T100608Z/qwen3_30b/ep8/balanced/sonic_custom,artifacts/sm90_fp8_wgrad_matrix_full_20260629T100608Z/qwen3_30b/ep8/balanced/sonic_custom/results.json,,
qwen3_30b,Qwen3-30B-A3B,balanced,8,sonic_custom,2,128,16,8,2048,768,8192,8192,sonic_bf16,Sonic BF16,ok,2.1032378255208335,1.0,294.0586571425152,6.209581626670513e-09,1.180972032,artifacts/sm90_fp8_wgrad_matrix_full_20260629T100608Z/qwen3_30b/ep8/balanced/sonic_custom,artifacts/sm90_fp8_wgrad_matrix_full_20260629T100608Z/qwen3_30b/ep8/balanced/sonic_custom/results.json,,
qwen3_30b,Qwen3-30B-A3B,balanced,8,sonic_custom,2,128,16,8,2048,768,8192,8192,custom_cute_fp8_bf16_out,Custom CuTe FP8,ok,1.3616474934895832,1.54462725160293,454.21101539209155,2.5003734172024394e-07,1.556624384,artifacts/sm90_fp8_wgrad_matrix_full_20260629T100608Z/qwen3_30b/ep8/balanced/sonic_custom,artifacts/sm90_fp8_wgrad_matrix_full_20260629T100608Z/qwen3_30b/ep8/balanced/sonic_custom/results.json,,
qwen3_30b,Qwen3-30B-A3B,balanced,8,sonic_custom,2,128,16,8,2048,768,16384,16384,sonic_bf16,Sonic BF16,ok,4.1545828125,1.0,297.73159835118827,2.8554698494609454e-08,2.145932288,artifacts/sm90_fp8_wgrad_matrix_full_20260629T100608Z/qwen3_30b/ep8/balanced/sonic_custom,artifacts/sm90_fp8_wgrad_matrix_full_20260629T100608Z/qwen3_30b/ep8/balanced/sonic_custom/results.json,,
qwen3_30b,Qwen3-30B-A3B,balanced,8,sonic_custom,2,128,16,8,2048,768,16384,16384,custom_cute_fp8_bf16_out,Custom CuTe FP8,ok,2.6753677734375003,1.552901568804464,462.3478661622207,2.450890532745831e-07,2.895401984,artifacts/sm90_fp8_wgrad_matrix_full_20260629T100608Z/qwen3_30b/ep8/balanced/sonic_custom,artifacts/sm90_fp8_wgrad_matrix_full_20260629T100608Z/qwen3_30b/ep8/balanced/sonic_custom/results.json,,
qwen3_30b,Qwen3-30B-A3B,balanced,8,sonic_custom,2,128,16,8,2048,768,32768,32768,sonic_bf16,Sonic BF16,ok,8.569004166666666,1.0,288.7034612632643,4.9655747291765806e-08,4.0758528,artifacts/sm90_fp8_wgrad_matrix_full_20260629T100608Z/qwen3_30b/ep8/balanced/sonic_custom,artifacts/sm90_fp8_wgrad_matrix_full_20260629T100608Z/qwen3_30b/ep8/balanced/sonic_custom/results.json,,
qwen3_30b,Qwen3-30B-A3B,balanced,8,sonic_custom,2,128,16,8,2048,768,32768,32768,custom_cute_fp8_bf16_out,Custom CuTe FP8,ok,5.229808072916667,1.638493047391647,473.0386140377622,2.424752837404398e-07,5.572957184,artifacts/sm90_fp8_wgrad_matrix_full_20260629T100608Z/qwen3_30b/ep8/balanced/sonic_custom,artifacts/sm90_fp8_wgrad_matrix_full_20260629T100608Z/qwen3_30b/ep8/balanced/sonic_custom/results.json,,
qwen3_30b,Qwen3-30B-A3B,skewed,1,sonic_custom,4,128,128,8,2048,768,4096,4096,sonic_bf16,Sonic BF16,ok,1.3667078125,1.0,226.26463570610488,3.9208692959036284e-09,1.844028928,artifacts/sm90_fp8_wgrad_matrix_full_20260629T100608Z/qwen3_30b/ep1/skewed/sonic_custom,artifacts/sm90_fp8_wgrad_matrix_full_20260629T100608Z/qwen3_30b/ep1/skewed/sonic_custom/results.json,,
qwen3_30b,Qwen3-30B-A3B,skewed,1,sonic_custom,4,128,128,8,2048,768,4096,4096,custom_cute_fp8_bf16_out,Custom CuTe FP8,ok,1.3335496419270834,1.0248645941106478,231.89061403453078,2.253006059493856e-07,2.004068864,artifacts/sm90_fp8_wgrad_matrix_full_20260629T100608Z/qwen3_30b/ep1/skewed/sonic_custom,artifacts/sm90_fp8_wgrad_matrix_full_20260629T100608Z/qwen3_30b/ep1/skewed/sonic_custom/results.json,,
qwen3_30b,Qwen3-30B-A3B,skewed,1,sonic_custom,4,128,128,8,2048,768,8192,8192,sonic_bf16,Sonic BF16,ok,2.3174341796875,1.0,266.87933406911253,1.5203414305275942e-08,2.414102016,artifacts/sm90_fp8_wgrad_matrix_full_20260629T100608Z/qwen3_30b/ep1/skewed/sonic_custom,artifacts/sm90_fp8_wgrad_matrix_full_20260629T100608Z/qwen3_30b/ep1/skewed/sonic_custom/results.json,,
qwen3_30b,Qwen3-30B-A3B,skewed,1,sonic_custom,4,128,128,8,2048,768,8192,8192,custom_cute_fp8_bf16_out,Custom CuTe FP8,ok,2.033836979166667,1.1394394946231299,304.092853537067,2.3337457133454365e-07,2.664973824,artifacts/sm90_fp8_wgrad_matrix_full_20260629T100608Z/qwen3_30b/ep1/skewed/sonic_custom,artifacts/sm90_fp8_wgrad_matrix_full_20260629T100608Z/qwen3_30b/ep1/skewed/sonic_custom/results.json,,
qwen3_30b,Qwen3-30B-A3B,skewed,1,sonic_custom,4,128,128,8,2048,768,16384,16384,sonic_bf16,Sonic BF16,ok,4.430348307291666,1.0,279.19939820807565,4.613471771275357e-08,3.549316608,artifacts/sm90_fp8_wgrad_matrix_full_20260629T100608Z/qwen3_30b/ep1/skewed/sonic_custom,artifacts/sm90_fp8_wgrad_matrix_full_20260629T100608Z/qwen3_30b/ep1/skewed/sonic_custom/results.json,,
qwen3_30b,Qwen3-30B-A3B,skewed,1,sonic_custom,4,128,128,8,2048,768,16384,16384,custom_cute_fp8_bf16_out,Custom CuTe FP8,ok,3.518084635416667,1.2593069145327582,351.59773269681466,2.4434180201371447e-07,4.012235264,artifacts/sm90_fp8_wgrad_matrix_full_20260629T100608Z/qwen3_30b/ep1/skewed/sonic_custom,artifacts/sm90_fp8_wgrad_matrix_full_20260629T100608Z/qwen3_30b/ep1/skewed/sonic_custom/results.json,,
qwen3_30b,Qwen3-30B-A3B,skewed,1,sonic_custom,4,128,128,8,2048,768,32768,32768,sonic_bf16,Sonic BF16,ok,9.992667708333334,1.0,247.57164299908646,6.836112775854275e-08,5.82760192,artifacts/sm90_fp8_wgrad_matrix_full_20260629T100608Z/qwen3_30b/ep1/skewed/sonic_custom,artifacts/sm90_fp8_wgrad_matrix_full_20260629T100608Z/qwen3_30b/ep1/skewed/sonic_custom/results.json,,
qwen3_30b,Qwen3-30B-A3B,skewed,1,sonic_custom,4,128,128,8,2048,768,32768,32768,custom_cute_fp8_bf16_out,Custom CuTe FP8,ok,6.530552213541666,1.5301413083586823,378.8195977311308,2.4984213320422555e-07,6.6848384,artifacts/sm90_fp8_wgrad_matrix_full_20260629T100608Z/qwen3_30b/ep1/skewed/sonic_custom,artifacts/sm90_fp8_wgrad_matrix_full_20260629T100608Z/qwen3_30b/ep1/skewed/sonic_custom/results.json,,
qwen3_30b,Qwen3-30B-A3B,balanced,16,deepgemm,2,128,8,8,2048,768,4096,4096,deepgemm_fp8,DeepGEMM FP8,ok,0.7886552897135416,,392.10748896938543,1.2446062180870854e-08,1.161963008,artifacts/sm90_fp8_wgrad_matrix_full_20260629T100608Z/qwen3_30b/ep16/balanced/deepgemm,artifacts/sm90_fp8_wgrad_matrix_full_20260629T100608Z/qwen3_30b/ep16/balanced/deepgemm/results.json,,
qwen3_30b,Qwen3-30B-A3B,balanced,16,deepgemm,2,128,8,8,2048,768,8192,8192,deepgemm_fp8,DeepGEMM FP8,ok,1.4087845540364583,,439.0133955202311,1.4938389414353992e-08,2.049261056,artifacts/sm90_fp8_wgrad_matrix_full_20260629T100608Z/qwen3_30b/ep16/balanced/deepgemm,artifacts/sm90_fp8_wgrad_matrix_full_20260629T100608Z/qwen3_30b/ep16/balanced/deepgemm/results.json,,
qwen3_30b,Qwen3-30B-A3B,skewed,16,deepgemm,2,128,8,8,2048,768,4096,4096,deepgemm_fp8,DeepGEMM FP8,ok,0.8320073649088542,,371.67657205279284,4.9792574507989684e-09,1.17316352,artifacts/sm90_fp8_wgrad_matrix_full_20260629T100608Z/qwen3_30b/ep16/skewed/deepgemm,artifacts/sm90_fp8_wgrad_matrix_full_20260629T100608Z/qwen3_30b/ep16/skewed/deepgemm/results.json,,
qwen3_30b,Qwen3-30B-A3B,skewed,16,deepgemm,2,128,8,8,2048,768,8192,8192,deepgemm_fp8,DeepGEMM FP8,ok,1.4742569498697917,,419.5166186454977,8.708726850770176e-09,2.059511296,artifacts/sm90_fp8_wgrad_matrix_full_20260629T100608Z/qwen3_30b/ep16/skewed/deepgemm,artifacts/sm90_fp8_wgrad_matrix_full_20260629T100608Z/qwen3_30b/ep16/skewed/deepgemm/results.json,,
qwen3_30b,Qwen3-30B-A3B,skewed,8,sonic_custom,5,128,16,8,2048,768,4096,4096,sonic_bf16,Sonic BF16,ok,0.9663607096354166,1.0,320.0022954458356,1.148586969978993e-08,0.835234816,artifacts/sm90_fp8_wgrad_matrix_full_20260629T100608Z/qwen3_30b/ep8/skewed/sonic_custom,artifacts/sm90_fp8_wgrad_matrix_full_20260629T100608Z/qwen3_30b/ep8/skewed/sonic_custom/results.json,,
qwen3_30b,Qwen3-30B-A3B,skewed,8,sonic_custom,5,128,16,8,2048,768,4096,4096,custom_cute_fp8_bf16_out,Custom CuTe FP8,ok,0.8313334635416667,1.1624224838953356,371.9778631243573,2.5216970966912555e-07,0.895816704,artifacts/sm90_fp8_wgrad_matrix_full_20260629T100608Z/qwen3_30b/ep8/skewed/sonic_custom,artifacts/sm90_fp8_wgrad_matrix_full_20260629T100608Z/qwen3_30b/ep8/skewed/sonic_custom/results.json,,
qwen3_30b,Qwen3-30B-A3B,skewed,8,sonic_custom,5,128,16,8,2048,768,8192,8192,sonic_bf16,Sonic BF16,ok,1.7947828776041668,1.0,344.59616165360063,2.979196622732161e-08,1.452162048,artifacts/sm90_fp8_wgrad_matrix_full_20260629T100608Z/qwen3_30b/ep8/skewed/sonic_custom,artifacts/sm90_fp8_wgrad_matrix_full_20260629T100608Z/qwen3_30b/ep8/skewed/sonic_custom/results.json,,
qwen3_30b,Qwen3-30B-A3B,skewed,8,sonic_custom,5,128,16,8,2048,768,8192,8192,custom_cute_fp8_bf16_out,Custom CuTe FP8,ok,1.5210403645833335,1.1799705776354075,406.6133319173434,2.40826574127162e-07,1.563785216,artifacts/sm90_fp8_wgrad_matrix_full_20260629T100608Z/qwen3_30b/ep8/skewed/sonic_custom,artifacts/sm90_fp8_wgrad_matrix_full_20260629T100608Z/qwen3_30b/ep8/skewed/sonic_custom/results.json,,
qwen3_30b,Qwen3-30B-A3B,skewed,8,sonic_custom,5,128,16,8,2048,768,16384,16384,sonic_bf16,Sonic BF16,ok,3.7311798177083335,1.0,331.5172791666007,6.954308462425729e-08,2.683165696,artifacts/sm90_fp8_wgrad_matrix_full_20260629T100608Z/qwen3_30b/ep8/skewed/sonic_custom,artifacts/sm90_fp8_wgrad_matrix_full_20260629T100608Z/qwen3_30b/ep8/skewed/sonic_custom/results.json,,
qwen3_30b,Qwen3-30B-A3B,skewed,8,sonic_custom,5,128,16,8,2048,768,16384,16384,custom_cute_fp8_bf16_out,Custom CuTe FP8,ok,2.96534921875,1.2582598346649905,417.13487687275443,2.217278196603445e-07,2.90268672,artifacts/sm90_fp8_wgrad_matrix_full_20260629T100608Z/qwen3_30b/ep8/skewed/sonic_custom,artifacts/sm90_fp8_wgrad_matrix_full_20260629T100608Z/qwen3_30b/ep8/skewed/sonic_custom/results.json,,
qwen3_30b,Qwen3-30B-A3B,skewed,8,sonic_custom,5,128,16,8,2048,768,32768,32768,sonic_bf16,Sonic BF16,ok,9.5915546875,1.0,257.9249395012116,1.4965517725062938e-07,5.151693824,artifacts/sm90_fp8_wgrad_matrix_full_20260629T100608Z/qwen3_30b/ep8/skewed/sonic_custom,artifacts/sm90_fp8_wgrad_matrix_full_20260629T100608Z/qwen3_30b/ep8/skewed/sonic_custom/results.json,,
qwen3_30b,Qwen3-30B-A3B,skewed,8,sonic_custom,5,128,16,8,2048,768,32768,32768,custom_cute_fp8_bf16_out,Custom CuTe FP8,ok,5.885711197916667,1.6296339329213216,420.32323355785337,2.650850008389938e-07,5.58024192,artifacts/sm90_fp8_wgrad_matrix_full_20260629T100608Z/qwen3_30b/ep8/skewed/sonic_custom,artifacts/sm90_fp8_wgrad_matrix_full_20260629T100608Z/qwen3_30b/ep8/skewed/sonic_custom/results.json,,
qwen3_30b,Qwen3-30B-A3B,balanced,16,sonic_custom,1,128,8,8,2048,768,4096,4096,sonic_bf16,Sonic BF16,ok,1.0076747721354167,1.0,306.8823928743182,7.4494762580812335e-09,0.65235456,artifacts/sm90_fp8_wgrad_matrix_full_20260629T100608Z/qwen3_30b/ep16/balanced/sonic_custom,artifacts/sm90_fp8_wgrad_matrix_full_20260629T100608Z/qwen3_30b/ep16/balanced/sonic_custom/results.json,,
qwen3_30b,Qwen3-30B-A3B,balanced,16,sonic_custom,1,128,8,8,2048,768,4096,4096,custom_cute_fp8_bf16_out,Custom CuTe FP8,ok,0.7099000651041667,1.4194600362341934,435.6072925090156,2.5619659027587005e-07,0.811738112,artifacts/sm90_fp8_wgrad_matrix_full_20260629T100608Z/qwen3_30b/ep16/balanced/sonic_custom,artifacts/sm90_fp8_wgrad_matrix_full_20260629T100608Z/qwen3_30b/ep16/balanced/sonic_custom/results.json,,
qwen3_30b,Qwen3-30B-A3B,balanced,16,sonic_custom,1,128,8,8,2048,768,8192,8192,sonic_bf16,Sonic BF16,ok,1.4533271158854166,1.0,425.55821319497204,3.974286055807852e-08,1.164194816,artifacts/sm90_fp8_wgrad_matrix_full_20260629T100608Z/qwen3_30b/ep16/balanced/sonic_custom,artifacts/sm90_fp8_wgrad_matrix_full_20260629T100608Z/qwen3_30b/ep16/balanced/sonic_custom/results.json,,
qwen3_30b,Qwen3-30B-A3B,balanced,16,sonic_custom,1,128,8,8,2048,768,8192,8192,custom_cute_fp8_bf16_out,Custom CuTe FP8,ok,1.3715105794270834,1.0596543239881606,450.9446007207277,2.413392463651576e-07,1.481126912,artifacts/sm90_fp8_wgrad_matrix_full_20260629T100608Z/qwen3_30b/ep16/balanced/sonic_custom,artifacts/sm90_fp8_wgrad_matrix_full_20260629T100608Z/qwen3_30b/ep16/balanced/sonic_custom/results.json,,
qwen3_30b,Qwen3-30B-A3B,balanced,16,sonic_custom,1,128,8,8,2048,768,16384,16384,sonic_bf16,Sonic BF16,ok,4.037693619791667,1.0,306.3507778759655,6.204018632161024e-08,2.187875328,artifacts/sm90_fp8_wgrad_matrix_full_20260629T100608Z/qwen3_30b/ep16/balanced/sonic_custom,artifacts/sm90_fp8_wgrad_matrix_full_20260629T100608Z/qwen3_30b/ep16/balanced/sonic_custom/results.json,,
qwen3_30b,Qwen3-30B-A3B,balanced,16,sonic_custom,1,128,8,8,2048,768,16384,16384,custom_cute_fp8_bf16_out,Custom CuTe FP8,ok,2.654269921875,1.521206862390018,466.02290560343874,2.3613971189551108e-07,2.819904512,artifacts/sm90_fp8_wgrad_matrix_full_20260629T100608Z/qwen3_30b/ep16/balanced/sonic_custom,artifacts/sm90_fp8_wgrad_matrix_full_20260629T100608Z/qwen3_30b/ep16/balanced/sonic_custom/results.json,,
qwen3_30b,Qwen3-30B-A3B,balanced,16,sonic_custom,1,128,8,8,2048,768,32768,32768,sonic_bf16,Sonic BF16,ok,8.29625078125,1.0,298.19507964816563,8.940896623066408e-08,4.235236352,artifacts/sm90_fp8_wgrad_matrix_full_20260629T100608Z/qwen3_30b/ep16/balanced/sonic_custom,artifacts/sm90_fp8_wgrad_matrix_full_20260629T100608Z/qwen3_30b/ep16/balanced/sonic_custom/results.json,,
qwen3_30b,Qwen3-30B-A3B,balanced,16,sonic_custom,1,128,8,8,2048,768,32768,32768,custom_cute_fp8_bf16_out,Custom CuTe FP8,ok,5.22192734375,1.5887334761904692,473.75250547232395,2.387956431482152e-07,5.497459712,artifacts/sm90_fp8_wgrad_matrix_full_20260629T100608Z/qwen3_30b/ep16/balanced/sonic_custom,artifacts/sm90_fp8_wgrad_matrix_full_20260629T100608Z/qwen3_30b/ep16/balanced/sonic_custom/results.json,,
qwen3_30b,Qwen3-30B-A3B,skewed,16,sonic_custom,4,128,8,8,2048,768,4096,4096,sonic_bf16,Sonic BF16,ok,0.9536800455729166,1.0,324.2572252062039,2.9790457878320353e-08,0.788671488,artifacts/sm90_fp8_wgrad_matrix_full_20260629T100608Z/qwen3_30b/ep16/skewed/sonic_custom,artifacts/sm90_fp8_wgrad_matrix_full_20260629T100608Z/qwen3_30b/ep16/skewed/sonic_custom/results.json,,
qwen3_30b,Qwen3-30B-A3B,skewed,16,sonic_custom,4,128,8,8,2048,768,4096,4096,custom_cute_fp8_bf16_out,Custom CuTe FP8,ok,0.7865630045572917,1.2124649138687689,393.15050863096593,2.3498747192540748e-07,0.817323008,artifacts/sm90_fp8_wgrad_matrix_full_20260629T100608Z/qwen3_30b/ep16/skewed/sonic_custom,artifacts/sm90_fp8_wgrad_matrix_full_20260629T100608Z/qwen3_30b/ep16/skewed/sonic_custom/results.json,,
qwen3_30b,Qwen3-30B-A3B,skewed,16,sonic_custom,4,128,8,8,2048,768,8192,8192,sonic_bf16,Sonic BF16,ok,1.8411550781250001,1.0,335.91700013333167,4.5956717320549956e-08,1.435206656,artifacts/sm90_fp8_wgrad_matrix_full_20260629T100608Z/qwen3_30b/ep16/skewed/sonic_custom,artifacts/sm90_fp8_wgrad_matrix_full_20260629T100608Z/qwen3_30b/ep16/skewed/sonic_custom/results.json,,
qwen3_30b,Qwen3-30B-A3B,skewed,16,sonic_custom,4,128,8,8,2048,768,8192,8192,custom_cute_fp8_bf16_out,Custom CuTe FP8,ok,1.45311806640625,1.2670374972891336,425.61943514581014,2.4506361095966156e-07,1.486724096,artifacts/sm90_fp8_wgrad_matrix_full_20260629T100608Z/qwen3_30b/ep16/skewed/sonic_custom,artifacts/sm90_fp8_wgrad_matrix_full_20260629T100608Z/qwen3_30b/ep16/skewed/sonic_custom/results.json,,
qwen3_30b,Qwen3-30B-A3B,skewed,16,sonic_custom,4,128,8,8,2048,768,16384,16384,sonic_bf16,Sonic BF16,ok,3.8829403645833334,1.0,318.560282957303,1.0308903419797844e-07,2.731398144,artifacts/sm90_fp8_wgrad_matrix_full_20260629T100608Z/qwen3_30b/ep16/skewed/sonic_custom,artifacts/sm90_fp8_wgrad_matrix_full_20260629T100608Z/qwen3_30b/ep16/skewed/sonic_custom/results.json,,
qwen3_30b,Qwen3-30B-A3B,skewed,16,sonic_custom,4,128,8,8,2048,768,16384,16384,custom_cute_fp8_bf16_out,Custom CuTe FP8,ok,2.8386242187499997,1.367895172222973,435.757073119279,2.438149286909663e-07,2.82244096,artifacts/sm90_fp8_wgrad_matrix_full_20260629T100608Z/qwen3_30b/ep16/skewed/sonic_custom,artifacts/sm90_fp8_wgrad_matrix_full_20260629T100608Z/qwen3_30b/ep16/skewed/sonic_custom/results.json,,
qwen3_30b,Qwen3-30B-A3B,skewed,16,sonic_custom,4,128,8,8,2048,768,32768,32768,sonic_bf16,Sonic BF16,ok,7.61413828125,1.0,324.9088828066127,1.9253123373363934e-07,5.319025664,artifacts/sm90_fp8_wgrad_matrix_full_20260629T100608Z/qwen3_30b/ep16/skewed/sonic_custom,artifacts/sm90_fp8_wgrad_matrix_full_20260629T100608Z/qwen3_30b/ep16/skewed/sonic_custom/results.json,,
qwen3_30b,Qwen3-30B-A3B,skewed,16,sonic_custom,4,128,8,8,2048,768,32768,32768,custom_cute_fp8_bf16_out,Custom CuTe FP8,ok,5.902437890625,1.2899988822150485,419.1320956422706,2.712116858871738e-07,5.502938112,artifacts/sm90_fp8_wgrad_matrix_full_20260629T100608Z/qwen3_30b/ep16/skewed/sonic_custom,artifacts/sm90_fp8_wgrad_matrix_full_20260629T100608Z/qwen3_30b/ep16/skewed/sonic_custom/results.json,,
deepseek_v3,DeepSeek-V3,balanced,1,deepgemm,5,256,256,8,7168,2048,4096,4096,deepgemm_fp8,DeepGEMM FP8,ok,77.4719765625,,37.25499401171936,8.760602354662694e-09,63.05213952,artifacts/sm90_fp8_wgrad_matrix_full_20260629T100608Z/deepseek_v3/ep1/balanced/deepgemm,artifacts/sm90_fp8_wgrad_matrix_full_20260629T100608Z/deepseek_v3/ep1/balanced/deepgemm/results.json,,
deepseek_v3,DeepSeek-V3,balanced,1,deepgemm,5,256,256,8,7168,2048,8192,8192,deepgemm_fp8,DeepGEMM FP8,ok,80.01051458333333,,72.1459682628567,8.478974078407475e-09,65.907547136,artifacts/sm90_fp8_wgrad_matrix_full_20260629T100608Z/deepseek_v3/ep1/balanced/deepgemm,artifacts/sm90_fp8_wgrad_matrix_full_20260629T100608Z/deepseek_v3/ep1/balanced/deepgemm/results.json,,
deepseek_v3,DeepSeek-V3,skewed,1,deepgemm,4,256,256,8,7168,2048,4096,4096,deepgemm_fp8,DeepGEMM FP8,ok,79.993834375,,36.0805060222743,8.486347180536313e-09,64.05088768,artifacts/sm90_fp8_wgrad_matrix_full_20260629T100608Z/deepseek_v3/ep1/skewed/deepgemm,artifacts/sm90_fp8_wgrad_matrix_full_20260629T100608Z/deepseek_v3/ep1/skewed/deepgemm/results.json,,
deepseek_v3,DeepSeek-V3,skewed,1,deepgemm,4,256,256,8,7168,2048,8192,8192,deepgemm_fp8,DeepGEMM FP8,ok,83.44941979166667,,69.1728721450073,7.889550457385042e-09,66.71001088,artifacts/sm90_fp8_wgrad_matrix_full_20260629T100608Z/deepseek_v3/ep1/skewed/deepgemm,artifacts/sm90_fp8_wgrad_matrix_full_20260629T100608Z/deepseek_v3/ep1/skewed/deepgemm/results.json,,
deepseek_v3,DeepSeek-V3,balanced,8,deepgemm,4,256,32,8,7168,2048,4096,4096,deepgemm_fp8,DeepGEMM FP8,ok,11.393739322916666,,253.31613626676878,9.060447170305963e-09,10.438782464,artifacts/sm90_fp8_wgrad_matrix_full_20260629T100608Z/deepseek_v3/ep8/balanced/deepgemm,artifacts/sm90_fp8_wgrad_matrix_full_20260629T100608Z/deepseek_v3/ep8/balanced/deepgemm/results.json,,
deepseek_v3,DeepSeek-V3,balanced,8,deepgemm,4,256,32,8,7168,2048,8192,8192,deepgemm_fp8,DeepGEMM FP8,ok,15.567137239583333,,370.8090933473715,9.063020778299347e-09,13.29419008,artifacts/sm90_fp8_wgrad_matrix_full_20260629T100608Z/deepseek_v3/ep8/balanced/deepgemm,artifacts/sm90_fp8_wgrad_matrix_full_20260629T100608Z/deepseek_v3/ep8/balanced/deepgemm/results.json,,
deepseek_v3,DeepSeek-V3,balanced,1,sonic_custom,2,256,256,8,7168,2048,4096,4096,sonic_bf16,Sonic BF16,ok,16.8690609375,1.0,171.09535815926327,2.9275615265333954e-10,24.341266432,artifacts/sm90_fp8_wgrad_matrix_full_20260629T100608Z/deepseek_v3/ep1/balanced/sonic_custom,artifacts/sm90_fp8_wgrad_matrix_full_20260629T100608Z/deepseek_v3/ep1/balanced/sonic_custom/results.json,,
deepseek_v3,DeepSeek-V3,balanced,1,sonic_custom,2,256,256,8,7168,2048,4096,4096,custom_cute_fp8_bf16_out,Custom CuTe FP8,ok,12.945158072916666,1.303117415985268,222.95734101157313,2.539448118454857e-07,25.033326592,artifacts/sm90_fp8_wgrad_matrix_full_20260629T100608Z/deepseek_v3/ep1/balanced/sonic_custom,artifacts/sm90_fp8_wgrad_matrix_full_20260629T100608Z/deepseek_v3/ep1/balanced/sonic_custom/results.json,,
deepseek_v3,DeepSeek-V3,balanced,1,sonic_custom,2,256,256,8,7168,2048,8192,8192,sonic_bf16,Sonic BF16,ok,26.466122916666666,1.0,218.10659853729047,5.90909099429382e-10,25.80678656,artifacts/sm90_fp8_wgrad_matrix_full_20260629T100608Z/deepseek_v3/ep1/balanced/sonic_custom,artifacts/sm90_fp8_wgrad_matrix_full_20260629T100608Z/deepseek_v3/ep1/balanced/sonic_custom/results.json,,
deepseek_v3,DeepSeek-V3,balanced,1,sonic_custom,2,256,256,8,7168,2048,8192,8192,custom_cute_fp8_bf16_out,Custom CuTe FP8,ok,18.384565625,1.4395838039641835,313.98272679200164,2.469737243604442e-07,27.186188288,artifacts/sm90_fp8_wgrad_matrix_full_20260629T100608Z/deepseek_v3/ep1/balanced/sonic_custom,artifacts/sm90_fp8_wgrad_matrix_full_20260629T100608Z/deepseek_v3/ep1/balanced/sonic_custom/results.json,,
deepseek_v3,DeepSeek-V3,balanced,1,sonic_custom,2,256,256,8,7168,2048,16384,16384,sonic_bf16,Sonic BF16,ok,45.51074479166667,1.0,253.67354774123461,1.2637514368307734e-09,28.737826816,artifacts/sm90_fp8_wgrad_matrix_full_20260629T100608Z/deepseek_v3/ep1/balanced/sonic_custom,artifacts/sm90_fp8_wgrad_matrix_full_20260629T100608Z/deepseek_v3/ep1/balanced/sonic_custom/results.json,,
deepseek_v3,DeepSeek-V3,balanced,1,sonic_custom,2,256,256,8,7168,2048,16384,16384,custom_cute_fp8_bf16_out,Custom CuTe FP8,ok,29.228052083333335,1.557091271833958,394.9928670830313,2.407098178558442e-07,31.489814528,artifacts/sm90_fp8_wgrad_matrix_full_20260629T100608Z/deepseek_v3/ep1/balanced/sonic_custom,artifacts/sm90_fp8_wgrad_matrix_full_20260629T100608Z/deepseek_v3/ep1/balanced/sonic_custom/results.json,,
deepseek_v3,DeepSeek-V3,balanced,1,sonic_custom,2,256,256,8,7168,2048,32768,32768,sonic_bf16,Sonic BF16,ok,83.26155625,1.0,277.3157892217034,2.4610561366600336e-09,34.599907328,artifacts/sm90_fp8_wgrad_matrix_full_20260629T100608Z/deepseek_v3/ep1/balanced/sonic_custom,artifacts/sm90_fp8_wgrad_matrix_full_20260629T100608Z/deepseek_v3/ep1/balanced/sonic_custom/results.json,,
deepseek_v3,DeepSeek-V3,balanced,1,sonic_custom,2,256,256,8,7168,2048,32768,32768,custom_cute_fp8_bf16_out,Custom CuTe FP8,ok,51.76180625,1.6085519861471218,446.0768635425276,2.398618693666421e-07,40.096018432,artifacts/sm90_fp8_wgrad_matrix_full_20260629T100608Z/deepseek_v3/ep1/balanced/sonic_custom,artifacts/sm90_fp8_wgrad_matrix_full_20260629T100608Z/deepseek_v3/ep1/balanced/sonic_custom/results.json,,
deepseek_v3,DeepSeek-V3,skewed,8,deepgemm,2,256,32,8,7168,2048,4096,4096,deepgemm_fp8,DeepGEMM FP8,ok,12.302073177083333,,234.6123276431596,1.0728611221644258e-08,10.526275072,artifacts/sm90_fp8_wgrad_matrix_full_20260629T100608Z/deepseek_v3/ep8/skewed/deepgemm,artifacts/sm90_fp8_wgrad_matrix_full_20260629T100608Z/deepseek_v3/ep8/skewed/deepgemm/results.json,,
deepseek_v3,DeepSeek-V3,skewed,8,deepgemm,2,256,32,8,7168,2048,8192,8192,deepgemm_fp8,DeepGEMM FP8,ok,17.632734635416664,,327.3704371544066,9.86041570616436e-09,13.383517696,artifacts/sm90_fp8_wgrad_matrix_full_20260629T100608Z/deepseek_v3/ep8/skewed/deepgemm,artifacts/sm90_fp8_wgrad_matrix_full_20260629T100608Z/deepseek_v3/ep8/skewed/deepgemm/results.json,,
deepseek_v3,DeepSeek-V3,balanced,8,sonic_custom,5,256,32,8,7168,2048,4096,4096,sonic_bf16,Sonic BF16,ok,10.340884895833334,1.0,279.1074508599305,1.8668785406461552e-09,4.651623424,artifacts/sm90_fp8_wgrad_matrix_full_20260629T100608Z/deepseek_v3/ep8/balanced/sonic_custom,artifacts/sm90_fp8_wgrad_matrix_full_20260629T100608Z/deepseek_v3/ep8/balanced/sonic_custom/results.json,,
deepseek_v3,DeepSeek-V3,balanced,8,sonic_custom,5,256,32,8,7168,2048,4096,4096,custom_cute_fp8_bf16_out,Custom CuTe FP8,ok,6.473869401041667,1.5973267693922666,445.8258027954036,2.3909050883563765e-07,5.303313408,artifacts/sm90_fp8_wgrad_matrix_full_20260629T100608Z/deepseek_v3/ep8/balanced/sonic_custom,artifacts/sm90_fp8_wgrad_matrix_full_20260629T100608Z/deepseek_v3/ep8/balanced/sonic_custom/results.json,,
deepseek_v3,DeepSeek-V3,balanced,8,sonic_custom,5,256,32,8,7168,2048,8192,8192,sonic_bf16,Sonic BF16,ok,19.590819791666668,1.0,294.65005074873983,6.785924155927603e-09,6.157513728,artifacts/sm90_fp8_wgrad_matrix_full_20260629T100608Z/deepseek_v3/ep8/balanced/sonic_custom,artifacts/sm90_fp8_wgrad_matrix_full_20260629T100608Z/deepseek_v3/ep8/balanced/sonic_custom/results.json,,
deepseek_v3,DeepSeek-V3,balanced,8,sonic_custom,5,256,32,8,7168,2048,8192,8192,custom_cute_fp8_bf16_out,Custom CuTe FP8,ok,11.963452864583333,1.6375556466363845,482.5058543852962,2.395446969671866e-07,7.455126528,artifacts/sm90_fp8_wgrad_matrix_full_20260629T100608Z/deepseek_v3/ep8/balanced/sonic_custom,artifacts/sm90_fp8_wgrad_matrix_full_20260629T100608Z/deepseek_v3/ep8/balanced/sonic_custom/results.json,,
deepseek_v3,DeepSeek-V3,balanced,8,sonic_custom,5,256,32,8,7168,2048,16384,16384,sonic_bf16,Sonic BF16,ok,35.946867708333336,1.0,321.1648977407738,1.2586832132122083e-08,9.169294336,artifacts/sm90_fp8_wgrad_matrix_full_20260629T100608Z/deepseek_v3/ep8/balanced/sonic_custom,artifacts/sm90_fp8_wgrad_matrix_full_20260629T100608Z/deepseek_v3/ep8/balanced/sonic_custom/results.json,,
deepseek_v3,DeepSeek-V3,balanced,8,sonic_custom,5,256,32,8,7168,2048,16384,16384,custom_cute_fp8_bf16_out,Custom CuTe FP8,ok,23.170634375,1.5513976495662234,498.2544674782129,2.4111739171939206e-07,11.759801344,artifacts/sm90_fp8_wgrad_matrix_full_20260629T100608Z/deepseek_v3/ep8/balanced/sonic_custom,artifacts/sm90_fp8_wgrad_matrix_full_20260629T100608Z/deepseek_v3/ep8/balanced/sonic_custom/results.json,,
deepseek_v3,DeepSeek-V3,balanced,8,sonic_custom,5,256,32,8,7168,2048,32768,32768,sonic_bf16,Sonic BF16,ok,73.49221250000001,1.0,314.17946742719164,2.3980264440837118e-08,15.192855552,artifacts/sm90_fp8_wgrad_matrix_full_20260629T100608Z/deepseek_v3/ep8/balanced/sonic_custom,artifacts/sm90_fp8_wgrad_matrix_full_20260629T100608Z/deepseek_v3/ep8/balanced/sonic_custom/results.json,,
deepseek_v3,DeepSeek-V3,balanced,8,sonic_custom,5,256,32,8,7168,2048,32768,32768,custom_cute_fp8_bf16_out,Custom CuTe FP8,ok,47.790110416666664,1.5378121510757132,483.14900262803155,2.3941150073536477e-07,20.366005248,artifacts/sm90_fp8_wgrad_matrix_full_20260629T100608Z/deepseek_v3/ep8/balanced/sonic_custom,artifacts/sm90_fp8_wgrad_matrix_full_20260629T100608Z/deepseek_v3/ep8/balanced/sonic_custom/results.json,,
deepseek_v3,DeepSeek-V3,balanced,16,deepgemm,5,256,16,8,7168,2048,4096,4096,deepgemm_fp8,DeepGEMM FP8,ok,7.559502994791667,,381.79997083148737,9.354679697537449e-09,6.681734656,artifacts/sm90_fp8_wgrad_matrix_full_20260629T100608Z/deepseek_v3/ep16/balanced/deepgemm,artifacts/sm90_fp8_wgrad_matrix_full_20260629T100608Z/deepseek_v3/ep16/balanced/deepgemm/results.json,,
deepseek_v3,DeepSeek-V3,balanced,16,deepgemm,5,256,16,8,7168,2048,8192,8192,deepgemm_fp8,DeepGEMM FP8,ok,12.409909375,,465.14731666394624,7.994401363120573e-09,9.536093696,artifacts/sm90_fp8_wgrad_matrix_full_20260629T100608Z/deepseek_v3/ep16/balanced/deepgemm,artifacts/sm90_fp8_wgrad_matrix_full_20260629T100608Z/deepseek_v3/ep16/balanced/deepgemm/results.json,,
deepseek_v3,DeepSeek-V3,skewed,1,sonic_custom,1,256,256,8,7168,2048,4096,4096,sonic_bf16,Sonic BF16,ok,16.15977864583333,1.0,178.60504689872025,9.115000421111574e-09,24.675766272,artifacts/sm90_fp8_wgrad_matrix_full_20260629T100608Z/deepseek_v3/ep1/skewed/sonic_custom,artifacts/sm90_fp8_wgrad_matrix_full_20260629T100608Z/deepseek_v3/ep1/skewed/sonic_custom/results.json,,
deepseek_v3,DeepSeek-V3,skewed,1,sonic_custom,1,256,256,8,7168,2048,4096,4096,custom_cute_fp8_bf16_out,Custom CuTe FP8,ok,16.3378875,0.9890984159263755,176.65796896398018,2.1650188064548104e-07,25.52907776,artifacts/sm90_fp8_wgrad_matrix_full_20260629T100608Z/deepseek_v3/ep1/skewed/sonic_custom,artifacts/sm90_fp8_wgrad_matrix_full_20260629T100608Z/deepseek_v3/ep1/skewed/sonic_custom/results.json,,
deepseek_v3,DeepSeek-V3,skewed,1,sonic_custom,1,256,256,8,7168,2048,8192,8192,sonic_bf16,Sonic BF16,ok,23.337083854166668,1.0,247.35035799228072,1.5984146783942776e-08,26.478125056,artifacts/sm90_fp8_wgrad_matrix_full_20260629T100608Z/deepseek_v3/ep1/skewed/sonic_custom,artifacts/sm90_fp8_wgrad_matrix_full_20260629T100608Z/deepseek_v3/ep1/skewed/sonic_custom/results.json,,
deepseek_v3,DeepSeek-V3,skewed,1,sonic_custom,1,256,256,8,7168,2048,8192,8192,custom_cute_fp8_bf16_out,Custom CuTe FP8,ok,21.719816145833335,1.0744604695304285,265.7681817869056,2.2558162549035643e-07,27.583643648,artifacts/sm90_fp8_wgrad_matrix_full_20260629T100608Z/deepseek_v3/ep1/skewed/sonic_custom,artifacts/sm90_fp8_wgrad_matrix_full_20260629T100608Z/deepseek_v3/ep1/skewed/sonic_custom/results.json,,
deepseek_v3,DeepSeek-V3,skewed,1,sonic_custom,1,256,256,8,7168,2048,16384,16384,sonic_bf16,Sonic BF16,ok,55.9837375,1.0,206.21831637532242,3.251172497886756e-08,30.080006144,artifacts/sm90_fp8_wgrad_matrix_full_20260629T100608Z/deepseek_v3/ep1/skewed/sonic_custom,artifacts/sm90_fp8_wgrad_matrix_full_20260629T100608Z/deepseek_v3/ep1/skewed/sonic_custom/results.json,,
deepseek_v3,DeepSeek-V3,skewed,1,sonic_custom,1,256,256,8,7168,2048,16384,16384,custom_cute_fp8_bf16_out,Custom CuTe FP8,ok,33.42248020833333,1.675032407859468,345.4223630228818,2.3598402687508013e-07,31.808620544,artifacts/sm90_fp8_wgrad_matrix_full_20260629T100608Z/deepseek_v3/ep1/skewed/sonic_custom,artifacts/sm90_fp8_wgrad_matrix_full_20260629T100608Z/deepseek_v3/ep1/skewed/sonic_custom/results.json,,
deepseek_v3,DeepSeek-V3,skewed,1,sonic_custom,1,256,256,8,7168,2048,32768,32768,sonic_bf16,Sonic BF16,ok,86.05494791666666,1.0,268.3139638368673,6.312903810812287e-08,37.272221696,artifacts/sm90_fp8_wgrad_matrix_full_20260629T100608Z/deepseek_v3/ep1/skewed/sonic_custom,artifacts/sm90_fp8_wgrad_matrix_full_20260629T100608Z/deepseek_v3/ep1/skewed/sonic_custom/results.json,,
deepseek_v3,DeepSeek-V3,skewed,1,sonic_custom,1,256,256,8,7168,2048,32768,32768,custom_cute_fp8_bf16_out,Custom CuTe FP8,ok,58.842441666666666,1.462463920245775,392.3994914095481,2.389141291470054e-07,40.44413952,artifacts/sm90_fp8_wgrad_matrix_full_20260629T100608Z/deepseek_v3/ep1/skewed/sonic_custom,artifacts/sm90_fp8_wgrad_matrix_full_20260629T100608Z/deepseek_v3/ep1/skewed/sonic_custom/results.json,,
deepseek_v3,DeepSeek-V3,skewed,16,deepgemm,1,256,16,8,7168,2048,4096,4096,deepgemm_fp8,DeepGEMM FP8,ok,8.359854166666667,,345.2474128580194,9.328876782177531e-09,6.73730304,artifacts/sm90_fp8_wgrad_matrix_full_20260629T100608Z/deepseek_v3/ep16/skewed/deepgemm,artifacts/sm90_fp8_wgrad_matrix_full_20260629T100608Z/deepseek_v3/ep16/skewed/deepgemm/results.json,,
deepseek_v3,DeepSeek-V3,skewed,16,deepgemm,1,256,16,8,7168,2048,8192,8192,deepgemm_fp8,DeepGEMM FP8,ok,13.715352734375,,420.8740495136122,7.778818145176558e-09,9.575568896,artifacts/sm90_fp8_wgrad_matrix_full_20260629T100608Z/deepseek_v3/ep16/skewed/deepgemm,artifacts/sm90_fp8_wgrad_matrix_full_20260629T100608Z/deepseek_v3/ep16/skewed/deepgemm/results.json,,
deepseek_v3,DeepSeek-V3,skewed,8,sonic_custom,4,256,32,8,7168,2048,4096,4096,sonic_bf16,Sonic BF16,ok,11.74591015625,1.0,245.7211050074517,1.14460357858448e-08,5.060570112,artifacts/sm90_fp8_wgrad_matrix_full_20260629T100608Z/deepseek_v3/ep8/skewed/sonic_custom,artifacts/sm90_fp8_wgrad_matrix_full_20260629T100608Z/deepseek_v3/ep8/skewed/sonic_custom/results.json,,
deepseek_v3,DeepSeek-V3,skewed,8,sonic_custom,4,256,32,8,7168,2048,4096,4096,custom_cute_fp8_bf16_out,Custom CuTe FP8,ok,7.038461197916667,1.6688179171502293,410.0637826583884,2.4122905284418295e-07,5.347781632,artifacts/sm90_fp8_wgrad_matrix_full_20260629T100608Z/deepseek_v3/ep8/skewed/sonic_custom,artifacts/sm90_fp8_wgrad_matrix_full_20260629T100608Z/deepseek_v3/ep8/skewed/sonic_custom/results.json,,
deepseek_v3,DeepSeek-V3,skewed,8,sonic_custom,4,256,32,8,7168,2048,8192,8192,sonic_bf16,Sonic BF16,ok,22.1163859375,1.0,261.0026819995214,2.8269095508903774e-08,6.967737344,artifacts/sm90_fp8_wgrad_matrix_full_20260629T100608Z/deepseek_v3/ep8/skewed/sonic_custom,artifacts/sm90_fp8_wgrad_matrix_full_20260629T100608Z/deepseek_v3/ep8/skewed/sonic_custom/results.json,,
deepseek_v3,DeepSeek-V3,skewed,8,sonic_custom,4,256,32,8,7168,2048,8192,8192,custom_cute_fp8_bf16_out,Custom CuTe FP8,ok,12.896214322916666,1.7149517977689794,447.6070187176045,2.476104810078539e-07,7.499840512,artifacts/sm90_fp8_wgrad_matrix_full_20260629T100608Z/deepseek_v3/ep8/skewed/sonic_custom,artifacts/sm90_fp8_wgrad_matrix_full_20260629T100608Z/deepseek_v3/ep8/skewed/sonic_custom/results.json,,
deepseek_v3,DeepSeek-V3,skewed,8,sonic_custom,4,256,32,8,7168,2048,16384,16384,sonic_bf16,Sonic BF16,ok,40.606828125,1.0,284.308640313137,5.158041249675449e-08,10.774596608,artifacts/sm90_fp8_wgrad_matrix_full_20260629T100608Z/deepseek_v3/ep8/skewed/sonic_custom,artifacts/sm90_fp8_wgrad_matrix_full_20260629T100608Z/deepseek_v3/ep8/skewed/sonic_custom/results.json,,
deepseek_v3,DeepSeek-V3,skewed,8,sonic_custom,4,256,32,8,7168,2048,16384,16384,custom_cute_fp8_bf16_out,Custom CuTe FP8,ok,25.270247395833334,1.6069026744746246,456.8563144954239,2.523210890226224e-07,11.80292608,artifacts/sm90_fp8_wgrad_matrix_full_20260629T100608Z/deepseek_v3/ep8/skewed/sonic_custom,artifacts/sm90_fp8_wgrad_matrix_full_20260629T100608Z/deepseek_v3/ep8/skewed/sonic_custom/results.json,,
deepseek_v3,DeepSeek-V3,skewed,8,sonic_custom,4,256,32,8,7168,2048,32768,32768,sonic_bf16,Sonic BF16,ok,93.98328125,1.0,245.6792726982598,1.0499159142085546e-07,18.410621952,artifacts/sm90_fp8_wgrad_matrix_full_20260629T100608Z/deepseek_v3/ep8/skewed/sonic_custom,artifacts/sm90_fp8_wgrad_matrix_full_20260629T100608Z/deepseek_v3/ep8/skewed/sonic_custom/results.json,,
deepseek_v3,DeepSeek-V3,skewed,8,sonic_custom,4,256,32,8,7168,2048,32768,32768,custom_cute_fp8_bf16_out,Custom CuTe FP8,ok,51.329788541666666,1.8309695777084607,449.83127418405456,2.354725775477462e-07,20.409916416,artifacts/sm90_fp8_wgrad_matrix_full_20260629T100608Z/deepseek_v3/ep8/skewed/sonic_custom,artifacts/sm90_fp8_wgrad_matrix_full_20260629T100608Z/deepseek_v3/ep8/skewed/sonic_custom/results.json,,
minimax_m3,MiniMax-M3,balanced,1,deepgemm,4,128,128,4,6144,3072,4096,4096,deepgemm_fp8,DeepGEMM FP8,ok,49.45154322916667,,37.520080278863055,8.124207084847512e-09,40.2611712,artifacts/sm90_fp8_wgrad_matrix_full_20260629T100608Z/minimax_m3/ep1/balanced/deepgemm,artifacts/sm90_fp8_wgrad_matrix_full_20260629T100608Z/minimax_m3/ep1/balanced/deepgemm/results.json,,
minimax_m3,MiniMax-M3,balanced,1,deepgemm,4,128,128,4,6144,3072,8192,8192,deepgemm_fp8,DeepGEMM FP8,ok,50.60631927083333,,73.32783330643706,7.717710692745072e-09,41.799596032,artifacts/sm90_fp8_wgrad_matrix_full_20260629T100608Z/minimax_m3/ep1/balanced/deepgemm,artifacts/sm90_fp8_wgrad_matrix_full_20260629T100608Z/minimax_m3/ep1/balanced/deepgemm/results.json,,
minimax_m3,MiniMax-M3,balanced,1,sonic_custom,1,128,128,4,6144,3072,4096,4096,sonic_bf16,Sonic BF16,ok,9.328283854166667,1.0,198.90323888924502,2.58616794646116e-10,15.718229504,artifacts/sm90_fp8_wgrad_matrix_full_20260629T100608Z/minimax_m3/ep1/balanced/sonic_custom,artifacts/sm90_fp8_wgrad_matrix_full_20260629T100608Z/minimax_m3/ep1/balanced/sonic_custom/results.json,,
minimax_m3,MiniMax-M3,balanced,1,sonic_custom,1,128,128,4,6144,3072,4096,4096,custom_cute_fp8_bf16_out,Custom CuTe FP8,ok,8.370750781249999,1.1143903453751707,221.6558490820259,2.5396552216783164e-07,16.082085376,artifacts/sm90_fp8_wgrad_matrix_full_20260629T100608Z/minimax_m3/ep1/balanced/sonic_custom,artifacts/sm90_fp8_wgrad_matrix_full_20260629T100608Z/minimax_m3/ep1/balanced/sonic_custom/results.json,,
minimax_m3,MiniMax-M3,balanced,1,sonic_custom,1,128,128,4,6144,3072,8192,8192,sonic_bf16,Sonic BF16,ok,16.939548958333333,1.0,219.06437726716823,5.819801307538341e-10,16.529894912,artifacts/sm90_fp8_wgrad_matrix_full_20260629T100608Z/minimax_m3/ep1/balanced/sonic_custom,artifacts/sm90_fp8_wgrad_matrix_full_20260629T100608Z/minimax_m3/ep1/balanced/sonic_custom/results.json,,
minimax_m3,MiniMax-M3,balanced,1,sonic_custom,1,128,128,4,6144,3072,8192,8192,custom_cute_fp8_bf16_out,Custom CuTe FP8,ok,11.77456328125,1.4386562417400344,315.1583336983052,2.4684114596773554e-07,17.250266624,artifacts/sm90_fp8_wgrad_matrix_full_20260629T100608Z/minimax_m3/ep1/balanced/sonic_custom,artifacts/sm90_fp8_wgrad_matrix_full_20260629T100608Z/minimax_m3/ep1/balanced/sonic_custom/results.json,,
minimax_m3,MiniMax-M3,balanced,1,sonic_custom,1,128,128,4,6144,3072,16384,16384,sonic_bf16,Sonic BF16,ok,21.296044270833335,1.0,348.50150540176264,1.212903666392151e-09,18.153225728,artifacts/sm90_fp8_wgrad_matrix_full_20260629T100608Z/minimax_m3/ep1/balanced/sonic_custom,artifacts/sm90_fp8_wgrad_matrix_full_20260629T100608Z/minimax_m3/ep1/balanced/sonic_custom/results.json,,
minimax_m3,MiniMax-M3,balanced,1,sonic_custom,1,128,128,4,6144,3072,16384,16384,custom_cute_fp8_bf16_out,Custom CuTe FP8,ok,18.847902604166666,1.129889341964525,393.768136612044,2.414058143385134e-07,19.587677696,artifacts/sm90_fp8_wgrad_matrix_full_20260629T100608Z/minimax_m3/ep1/balanced/sonic_custom,artifacts/sm90_fp8_wgrad_matrix_full_20260629T100608Z/minimax_m3/ep1/balanced/sonic_custom/results.json,,
minimax_m3,MiniMax-M3,balanced,1,sonic_custom,1,128,128,4,6144,3072,32768,32768,sonic_bf16,Sonic BF16,ok,40.20365416666667,1.0,369.20541882689974,2.5934564495955215e-09,21.39988736,artifacts/sm90_fp8_wgrad_matrix_full_20260629T100608Z/minimax_m3/ep1/balanced/sonic_custom,artifacts/sm90_fp8_wgrad_matrix_full_20260629T100608Z/minimax_m3/ep1/balanced/sonic_custom/results.json,,
minimax_m3,MiniMax-M3,balanced,1,sonic_custom,1,128,128,4,6144,3072,32768,32768,custom_cute_fp8_bf16_out,Custom CuTe FP8,ok,32.83486979166667,1.2244194791011525,452.0623066013554,2.4098983730791446e-07,24.26249984,artifacts/sm90_fp8_wgrad_matrix_full_20260629T100608Z/minimax_m3/ep1/balanced/sonic_custom,artifacts/sm90_fp8_wgrad_matrix_full_20260629T100608Z/minimax_m3/ep1/balanced/sonic_custom/results.json,,
deepseek_v3,DeepSeek-V3,balanced,16,sonic_custom,2,256,16,8,7168,2048,4096,4096,sonic_bf16,Sonic BF16,ok,10.245901302083332,1.0,281.694888308668,8.781469551522036e-09,3.288474624,artifacts/sm90_fp8_wgrad_matrix_full_20260629T100608Z/deepseek_v3/ep16/balanced/sonic_custom,artifacts/sm90_fp8_wgrad_matrix_full_20260629T100608Z/deepseek_v3/ep16/balanced/sonic_custom/results.json,,
deepseek_v3,DeepSeek-V3,balanced,16,sonic_custom,2,256,16,8,7168,2048,4096,4096,custom_cute_fp8_bf16_out,Custom CuTe FP8,ok,6.079332161458334,1.685366258984853,474.75906008393576,2.4076489502089515e-07,3.894027264,artifacts/sm90_fp8_wgrad_matrix_full_20260629T100608Z/deepseek_v3/ep16/balanced/sonic_custom,artifacts/sm90_fp8_wgrad_matrix_full_20260629T100608Z/deepseek_v3/ep16/balanced/sonic_custom/results.json,,
deepseek_v3,DeepSeek-V3,balanced,16,sonic_custom,2,256,16,8,7168,2048,8192,8192,sonic_bf16,Sonic BF16,ok,19.197508333333335,1.0,300.6867321318521,1.1705625913016604e-08,4.840502272,artifacts/sm90_fp8_wgrad_matrix_full_20260629T100608Z/deepseek_v3/ep16/balanced/sonic_custom,artifacts/sm90_fp8_wgrad_matrix_full_20260629T100608Z/deepseek_v3/ep16/balanced/sonic_custom/results.json,,
deepseek_v3,DeepSeek-V3,balanced,16,sonic_custom,2,256,16,8,7168,2048,8192,8192,custom_cute_fp8_bf16_out,Custom CuTe FP8,ok,11.731578385416666,1.6363960332223875,492.0425757031655,2.393265047251347e-07,6.045840384,artifacts/sm90_fp8_wgrad_matrix_full_20260629T100608Z/deepseek_v3/ep16/balanced/sonic_custom,artifacts/sm90_fp8_wgrad_matrix_full_20260629T100608Z/deepseek_v3/ep16/balanced/sonic_custom/results.json,,
deepseek_v3,DeepSeek-V3,balanced,16,sonic_custom,2,256,16,8,7168,2048,16384,16384,sonic_bf16,Sonic BF16,ok,37.528389583333336,1.0,307.63036250229004,2.3148838956821294e-08,7.944557568,artifacts/sm90_fp8_wgrad_matrix_full_20260629T100608Z/deepseek_v3/ep16/balanced/sonic_custom,artifacts/sm90_fp8_wgrad_matrix_full_20260629T100608Z/deepseek_v3/ep16/balanced/sonic_custom/results.json,,
deepseek_v3,DeepSeek-V3,balanced,16,sonic_custom,2,256,16,8,7168,2048,16384,16384,custom_cute_fp8_bf16_out,Custom CuTe FP8,ok,23.973720833333335,1.5653969546168,481.56363260874707,2.390694034959395e-07,10.3505152,artifacts/sm90_fp8_wgrad_matrix_full_20260629T100608Z/deepseek_v3/ep16/balanced/sonic_custom,artifacts/sm90_fp8_wgrad_matrix_full_20260629T100608Z/deepseek_v3/ep16/balanced/sonic_custom/results.json,,
deepseek_v3,DeepSeek-V3,balanced,16,sonic_custom,2,256,16,8,7168,2048,32768,32768,sonic_bf16,Sonic BF16,ok,73.76979583333333,1.0,312.99726293756066,4.533371988912904e-08,14.15266816,artifacts/sm90_fp8_wgrad_matrix_full_20260629T100608Z/deepseek_v3/ep16/balanced/sonic_custom,artifacts/sm90_fp8_wgrad_matrix_full_20260629T100608Z/deepseek_v3/ep16/balanced/sonic_custom/results.json,,
deepseek_v3,DeepSeek-V3,balanced,16,sonic_custom,2,256,16,8,7168,2048,32768,32768,custom_cute_fp8_bf16_out,Custom CuTe FP8,ok,46.86297604166666,1.5741594338298823,492.7075942160933,2.432873429381033e-07,18.956719104,artifacts/sm90_fp8_wgrad_matrix_full_20260629T100608Z/deepseek_v3/ep16/balanced/sonic_custom,artifacts/sm90_fp8_wgrad_matrix_full_20260629T100608Z/deepseek_v3/ep16/balanced/sonic_custom/results.json,,
deepseek_v3,DeepSeek-V3,skewed,16,sonic_custom,5,256,16,8,7168,2048,4096,4096,sonic_bf16,Sonic BF16,ok,9.9856078125,1.0,289.0377908993209,1.8362184106557322e-08,3.717590016,artifacts/sm90_fp8_wgrad_matrix_full_20260629T100608Z/deepseek_v3/ep16/skewed/sonic_custom,artifacts/sm90_fp8_wgrad_matrix_full_20260629T100608Z/deepseek_v3/ep16/skewed/sonic_custom/results.json,,
deepseek_v3,DeepSeek-V3,skewed,16,sonic_custom,5,256,16,8,7168,2048,4096,4096,custom_cute_fp8_bf16_out,Custom CuTe FP8,ok,6.369694661458333,1.5676744872750004,453.1171706511916,2.418477504928518e-07,3.923151872,artifacts/sm90_fp8_wgrad_matrix_full_20260629T100608Z/deepseek_v3/ep16/skewed/sonic_custom,artifacts/sm90_fp8_wgrad_matrix_full_20260629T100608Z/deepseek_v3/ep16/skewed/sonic_custom/results.json,,
deepseek_v3,DeepSeek-V3,skewed,16,sonic_custom,5,256,16,8,7168,2048,8192,8192,sonic_bf16,Sonic BF16,ok,20.000124479166665,1.0,288.6200059323089,3.7958023058060064e-08,5.692210176,artifacts/sm90_fp8_wgrad_matrix_full_20260629T100608Z/deepseek_v3/ep16/skewed/sonic_custom,artifacts/sm90_fp8_wgrad_matrix_full_20260629T100608Z/deepseek_v3/ep16/skewed/sonic_custom/results.json,,
deepseek_v3,DeepSeek-V3,skewed,16,sonic_custom,5,256,16,8,7168,2048,8192,8192,custom_cute_fp8_bf16_out,Custom CuTe FP8,ok,12.102165885416667,1.6526070348504462,476.9754522023113,2.3768616941310938e-07,6.06647808,artifacts/sm90_fp8_wgrad_matrix_full_20260629T100608Z/deepseek_v3/ep16/skewed/sonic_custom,artifacts/sm90_fp8_wgrad_matrix_full_20260629T100608Z/deepseek_v3/ep16/skewed/sonic_custom/results.json,,
deepseek_v3,DeepSeek-V3,skewed,16,sonic_custom,5,256,16,8,7168,2048,16384,16384,sonic_bf16,Sonic BF16,ok,39.982704166666664,1.0,288.74665514177224,6.87856314129931e-08,9.63139072,artifacts/sm90_fp8_wgrad_matrix_full_20260629T100608Z/deepseek_v3/ep16/skewed/sonic_custom,artifacts/sm90_fp8_wgrad_matrix_full_20260629T100608Z/deepseek_v3/ep16/skewed/sonic_custom/results.json,,
deepseek_v3,DeepSeek-V3,skewed,16,sonic_custom,5,256,16,8,7168,2048,16384,16384,custom_cute_fp8_bf16_out,Custom CuTe FP8,ok,24.473258333333334,1.633730319930836,471.7341652837263,2.381854852240295e-07,10.374175744,artifacts/sm90_fp8_wgrad_matrix_full_20260629T100608Z/deepseek_v3/ep16/skewed/sonic_custom,artifacts/sm90_fp8_wgrad_matrix_full_20260629T100608Z/deepseek_v3/ep16/skewed/sonic_custom/results.json,,
deepseek_v3,DeepSeek-V3,skewed,16,sonic_custom,5,256,16,8,7168,2048,32768,32768,sonic_bf16,Sonic BF16,ok,79.899325,1.0,288.98547244668214,1.3741240567632929e-07,17.531685888,artifacts/sm90_fp8_wgrad_matrix_full_20260629T100608Z/deepseek_v3/ep16/skewed/sonic_custom,artifacts/sm90_fp8_wgrad_matrix_full_20260629T100608Z/deepseek_v3/ep16/skewed/sonic_custom/results.json,,
deepseek_v3,DeepSeek-V3,skewed,16,sonic_custom,5,256,16,8,7168,2048,32768,32768,custom_cute_fp8_bf16_out,Custom CuTe FP8,ok,49.81897395833333,1.6037930662085638,463.4728969449948,2.416242338432184e-07,18.981100544,artifacts/sm90_fp8_wgrad_matrix_full_20260629T100608Z/deepseek_v3/ep16/skewed/sonic_custom,artifacts/sm90_fp8_wgrad_matrix_full_20260629T100608Z/deepseek_v3/ep16/skewed/sonic_custom/results.json,,
minimax_m3,MiniMax-M3,skewed,1,deepgemm,1,128,128,4,6144,3072,4096,4096,deepgemm_fp8,DeepGEMM FP8,ok,50.53725520833333,,36.71402145255507,6.9338123021012166e-09,40.764086272,artifacts/sm90_fp8_wgrad_matrix_full_20260629T100608Z/minimax_m3/ep1/skewed/deepgemm,artifacts/sm90_fp8_wgrad_matrix_full_20260629T100608Z/minimax_m3/ep1/skewed/deepgemm/results.json,,
minimax_m3,MiniMax-M3,skewed,1,deepgemm,1,128,128,4,6144,3072,8192,8192,deepgemm_fp8,DeepGEMM FP8,ok,52.327059375,,70.9164968960001,8.415404928463488e-09,42.196496384,artifacts/sm90_fp8_wgrad_matrix_full_20260629T100608Z/minimax_m3/ep1/skewed/deepgemm,artifacts/sm90_fp8_wgrad_matrix_full_20260629T100608Z/minimax_m3/ep1/skewed/deepgemm/results.json,,
minimax_m3,MiniMax-M3,balanced,8,deepgemm,5,128,16,4,6144,3072,4096,4096,deepgemm_fp8,DeepGEMM FP8,ok,7.1659048828125,,258.92415573673867,9.637605713486153e-09,6.43934976,artifacts/sm90_fp8_wgrad_matrix_full_20260629T100608Z/minimax_m3/ep8/balanced/deepgemm,artifacts/sm90_fp8_wgrad_matrix_full_20260629T100608Z/minimax_m3/ep8/balanced/deepgemm/results.json,,
minimax_m3,MiniMax-M3,balanced,8,deepgemm,5,128,16,4,6144,3072,8192,8192,deepgemm_fp8,DeepGEMM FP8,ok,9.788681640625,,379.09617249612216,8.300020781781825e-09,7.97567744,artifacts/sm90_fp8_wgrad_matrix_full_20260629T100608Z/minimax_m3/ep8/balanced/deepgemm,artifacts/sm90_fp8_wgrad_matrix_full_20260629T100608Z/minimax_m3/ep8/balanced/deepgemm/results.json,,
minimax_m3,MiniMax-M3,skewed,8,deepgemm,5,128,16,4,6144,3072,4096,4096,deepgemm_fp8,DeepGEMM FP8,ok,7.524649283854167,,246.57971446632536,9.820565916029977e-09,6.483643904,artifacts/sm90_fp8_wgrad_matrix_full_20260629T100608Z/minimax_m3/ep8/skewed/deepgemm,artifacts/sm90_fp8_wgrad_matrix_full_20260629T100608Z/minimax_m3/ep8/skewed/deepgemm/results.json,,
minimax_m3,MiniMax-M3,skewed,8,deepgemm,5,128,16,4,6144,3072,8192,8192,deepgemm_fp8,DeepGEMM FP8,ok,10.623582421875,,349.30323843518096,6.302203203745194e-09,8.036611584,artifacts/sm90_fp8_wgrad_matrix_full_20260629T100608Z/minimax_m3/ep8/skewed/deepgemm,artifacts/sm90_fp8_wgrad_matrix_full_20260629T100608Z/minimax_m3/ep8/skewed/deepgemm/results.json,,
minimax_m3,MiniMax-M3,skewed,1,sonic_custom,4,128,128,4,6144,3072,4096,4096,sonic_bf16,Sonic BF16,ok,10.427231510416666,1.0,177.94041208526485,2.0363342123630446e-09,15.913266688,artifacts/sm90_fp8_wgrad_matrix_full_20260629T100608Z/minimax_m3/ep1/skewed/sonic_custom,artifacts/sm90_fp8_wgrad_matrix_full_20260629T100608Z/minimax_m3/ep1/skewed/sonic_custom/results.json,,
minimax_m3,MiniMax-M3,skewed,1,sonic_custom,4,128,128,4,6144,3072,4096,4096,custom_cute_fp8_bf16_out,Custom CuTe FP8,ok,10.447003645833334,0.9981073869516114,177.60363973951658,2.1735634880837296e-07,16.330874368,artifacts/sm90_fp8_wgrad_matrix_full_20260629T100608Z/minimax_m3/ep1/skewed/sonic_custom,artifacts/sm90_fp8_wgrad_matrix_full_20260629T100608Z/minimax_m3/ep1/skewed/sonic_custom/results.json,,
minimax_m3,MiniMax-M3,skewed,1,sonic_custom,4,128,128,4,6144,3072,8192,8192,sonic_bf16,Sonic BF16,ok,18.862130208333333,1.0,196.73555970388418,7.271314994561351e-09,16.9216384,artifacts/sm90_fp8_wgrad_matrix_full_20260629T100608Z/minimax_m3/ep1/skewed/sonic_custom,artifacts/sm90_fp8_wgrad_matrix_full_20260629T100608Z/minimax_m3/ep1/skewed/sonic_custom/results.json,,
minimax_m3,MiniMax-M3,skewed,1,sonic_custom,4,128,128,4,6144,3072,8192,8192,custom_cute_fp8_bf16_out,Custom CuTe FP8,ok,13.870197395833333,1.3599035161532451,267.54137939368877,2.2496135698713005e-07,17.449580032,artifacts/sm90_fp8_wgrad_matrix_full_20260629T100608Z/minimax_m3/ep1/skewed/sonic_custom,artifacts/sm90_fp8_wgrad_matrix_full_20260629T100608Z/minimax_m3/ep1/skewed/sonic_custom/results.json,,
minimax_m3,MiniMax-M3,skewed,1,sonic_custom,4,128,128,4,6144,3072,16384,16384,sonic_bf16,Sonic BF16,ok,30.744017708333335,1.0,241.40317501431528,1.443799324540862e-08,18.930714112,artifacts/sm90_fp8_wgrad_matrix_full_20260629T100608Z/minimax_m3/ep1/skewed/sonic_custom,artifacts/sm90_fp8_wgrad_matrix_full_20260629T100608Z/minimax_m3/ep1/skewed/sonic_custom/results.json,,
minimax_m3,MiniMax-M3,skewed,1,sonic_custom,4,128,128,4,6144,3072,16384,16384,custom_cute_fp8_bf16_out,Custom CuTe FP8,ok,21.234940104166668,1.4478033635847563,349.5043287657652,2.3460331133318135e-07,19.758540288,artifacts/sm90_fp8_wgrad_matrix_full_20260629T100608Z/minimax_m3/ep1/skewed/sonic_custom,artifacts/sm90_fp8_wgrad_matrix_full_20260629T100608Z/minimax_m3/ep1/skewed/sonic_custom/results.json,,
minimax_m3,MiniMax-M3,skewed,1,sonic_custom,4,128,128,4,6144,3072,32768,32768,sonic_bf16,Sonic BF16,ok,63.06407291666667,1.0,235.3702558125319,3.3774393837227024e-08,22.939198976,artifacts/sm90_fp8_wgrad_matrix_full_20260629T100608Z/minimax_m3/ep1/skewed/sonic_custom,artifacts/sm90_fp8_wgrad_matrix_full_20260629T100608Z/minimax_m3/ep1/skewed/sonic_custom/results.json,,
minimax_m3,MiniMax-M3,skewed,1,sonic_custom,4,128,128,4,6144,3072,32768,32768,custom_cute_fp8_bf16_out,Custom CuTe FP8,ok,39.043453125,1.6152278517671883,380.1765926659695,2.42308951792225e-07,24.461448704,artifacts/sm90_fp8_wgrad_matrix_full_20260629T100608Z/minimax_m3/ep1/skewed/sonic_custom,artifacts/sm90_fp8_wgrad_matrix_full_20260629T100608Z/minimax_m3/ep1/skewed/sonic_custom/results.json,,
minimax_m3,MiniMax-M3,balanced,16,deepgemm,4,128,8,4,6144,3072,4096,4096,deepgemm_fp8,DeepGEMM FP8,ok,5.021356901041667,,369.5068700428557,9.951283352904738e-09,4.02238208,artifacts/sm90_fp8_wgrad_matrix_full_20260629T100608Z/minimax_m3/ep16/balanced/deepgemm,artifacts/sm90_fp8_wgrad_matrix_full_20260629T100608Z/minimax_m3/ep16/balanced/deepgemm/results.json,,
minimax_m3,MiniMax-M3,balanced,16,deepgemm,4,128,8,4,6144,3072,8192,8192,deepgemm_fp8,DeepGEMM FP8,ok,8.291997981770834,,447.5220268868798,1.0421747798083913e-08,5.559758336,artifacts/sm90_fp8_wgrad_matrix_full_20260629T100608Z/minimax_m3/ep16/balanced/deepgemm,artifacts/sm90_fp8_wgrad_matrix_full_20260629T100608Z/minimax_m3/ep16/balanced/deepgemm/results.json,,
minimax_m3,MiniMax-M3,balanced,8,sonic_custom,2,128,16,4,6144,3072,4096,4096,sonic_bf16,Sonic BF16,ok,6.480321354166667,1.0,286.31695412435255,3.517640956296475e-09,3.07869184,artifacts/sm90_fp8_wgrad_matrix_full_20260629T100608Z/minimax_m3/ep8/balanced/sonic_custom,artifacts/sm90_fp8_wgrad_matrix_full_20260629T100608Z/minimax_m3/ep8/balanced/sonic_custom/results.json,,
minimax_m3,MiniMax-M3,balanced,8,sonic_custom,2,128,16,4,6144,3072,4096,4096,custom_cute_fp8_bf16_out,Custom CuTe FP8,ok,4.126325520833333,1.5704823386929325,449.6557197206504,2.4241062912544464e-07,3.39850752,artifacts/sm90_fp8_wgrad_matrix_full_20260629T100608Z/minimax_m3/ep8/balanced/sonic_custom,artifacts/sm90_fp8_wgrad_matrix_full_20260629T100608Z/minimax_m3/ep8/balanced/sonic_custom/results.json,,
minimax_m3,MiniMax-M3,balanced,8,sonic_custom,2,128,16,4,6144,3072,8192,8192,sonic_bf16,Sonic BF16,ok,12.3881140625,1.0,299.54936845287057,5.7959924637529525e-09,3.93439744,artifacts/sm90_fp8_wgrad_matrix_full_20260629T100608Z/minimax_m3/ep8/balanced/sonic_custom,artifacts/sm90_fp8_wgrad_matrix_full_20260629T100608Z/minimax_m3/ep8/balanced/sonic_custom/results.json,,
minimax_m3,MiniMax-M3,balanced,8,sonic_custom,2,128,16,4,6144,3072,8192,8192,custom_cute_fp8_bf16_out,Custom CuTe FP8,ok,7.675225260416667,1.6140391509274716,483.4844083185316,2.3717532582345768e-07,4.566688768,artifacts/sm90_fp8_wgrad_matrix_full_20260629T100608Z/minimax_m3/ep8/balanced/sonic_custom,artifacts/sm90_fp8_wgrad_matrix_full_20260629T100608Z/minimax_m3/ep8/balanced/sonic_custom/results.json,,
minimax_m3,MiniMax-M3,balanced,8,sonic_custom,2,128,16,4,6144,3072,16384,16384,sonic_bf16,Sonic BF16,ok,24.5087890625,1.0,302.8180408490143,1.2834591500698878e-08,5.64580864,artifacts/sm90_fp8_wgrad_matrix_full_20260629T100608Z/minimax_m3/ep8/balanced/sonic_custom,artifacts/sm90_fp8_wgrad_matrix_full_20260629T100608Z/minimax_m3/ep8/balanced/sonic_custom/results.json,,
minimax_m3,MiniMax-M3,balanced,8,sonic_custom,2,128,16,4,6144,3072,16384,16384,custom_cute_fp8_bf16_out,Custom CuTe FP8,ok,14.836446875,1.6519311711888565,500.2345608768272,2.4105536844398756e-07,6.90409984,artifacts/sm90_fp8_wgrad_matrix_full_20260629T100608Z/minimax_m3/ep8/balanced/sonic_custom,artifacts/sm90_fp8_wgrad_matrix_full_20260629T100608Z/minimax_m3/ep8/balanced/sonic_custom/results.json,,
minimax_m3,MiniMax-M3,balanced,8,sonic_custom,2,128,16,4,6144,3072,32768,32768,sonic_bf16,Sonic BF16,ok,46.11218541666667,1.0,321.8977118705598,2.693137191034367e-08,9.06863104,artifacts/sm90_fp8_wgrad_matrix_full_20260629T100608Z/minimax_m3/ep8/balanced/sonic_custom,artifacts/sm90_fp8_wgrad_matrix_full_20260629T100608Z/minimax_m3/ep8/balanced/sonic_custom/results.json,,
minimax_m3,MiniMax-M3,balanced,8,sonic_custom,2,128,16,4,6144,3072,32768,32768,custom_cute_fp8_bf16_out,Custom CuTe FP8,ok,31.785756250000002,1.4507185248004495,466.9829737014987,2.421622641302079e-07,11.578921984,artifacts/sm90_fp8_wgrad_matrix_full_20260629T100608Z/minimax_m3/ep8/balanced/sonic_custom,artifacts/sm90_fp8_wgrad_matrix_full_20260629T100608Z/minimax_m3/ep8/balanced/sonic_custom/results.json,,
minimax_m3,MiniMax-M3,skewed,16,deepgemm,2,128,8,4,6144,3072,4096,4096,deepgemm_fp8,DeepGEMM FP8,ok,5.276981901041666,,351.6073973090077,9.119255572898055e-09,4.053300736,artifacts/sm90_fp8_wgrad_matrix_full_20260629T100608Z/minimax_m3/ep16/skewed/deepgemm,artifacts/sm90_fp8_wgrad_matrix_full_20260629T100608Z/minimax_m3/ep16/skewed/deepgemm/results.json,,
minimax_m3,MiniMax-M3,skewed,16,deepgemm,2,128,8,4,6144,3072,8192,8192,deepgemm_fp8,DeepGEMM FP8,ok,10.358785091145833,,358.232332372244,8.708289533920777e-09,5.59062784,artifacts/sm90_fp8_wgrad_matrix_full_20260629T100608Z/minimax_m3/ep16/skewed/deepgemm,artifacts/sm90_fp8_wgrad_matrix_full_20260629T100608Z/minimax_m3/ep16/skewed/deepgemm/results.json,,
minimax_m3,MiniMax-M3,balanced,16,sonic_custom,5,128,8,4,6144,3072,4096,4096,sonic_bf16,Sonic BF16,ok,6.261135677083334,1.0,296.34014778870363,7.034395288485484e-09,2.223053824,artifacts/sm90_fp8_wgrad_matrix_full_20260629T100608Z/minimax_m3/ep16/balanced/sonic_custom,artifacts/sm90_fp8_wgrad_matrix_full_20260629T100608Z/minimax_m3/ep16/balanced/sonic_custom/results.json,,
minimax_m3,MiniMax-M3,balanced,16,sonic_custom,5,128,8,4,6144,3072,4096,4096,custom_cute_fp8_bf16_out,Custom CuTe FP8,ok,3.837815234375,1.631432284963291,483.4588844332841,2.425695013741347e-07,2.492537856,artifacts/sm90_fp8_wgrad_matrix_full_20260629T100608Z/minimax_m3/ep16/balanced/sonic_custom,artifacts/sm90_fp8_wgrad_matrix_full_20260629T100608Z/minimax_m3/ep16/balanced/sonic_custom/results.json,,
minimax_m3,MiniMax-M3,balanced,16,sonic_custom,5,128,8,4,6144,3072,8192,8192,sonic_bf16,Sonic BF16,ok,11.35623828125,1.0,326.7676894267791,1.2876697264019299e-08,3.129091072,artifacts/sm90_fp8_wgrad_matrix_full_20260629T100608Z/minimax_m3/ep16/balanced/sonic_custom,artifacts/sm90_fp8_wgrad_matrix_full_20260629T100608Z/minimax_m3/ep16/balanced/sonic_custom/results.json,,
minimax_m3,MiniMax-M3,balanced,16,sonic_custom,5,128,8,4,6144,3072,8192,8192,custom_cute_fp8_bf16_out,Custom CuTe FP8,ok,7.391908333333333,1.5363066976953403,502.0153898567916,2.4082873095743196e-07,3.660719104,artifacts/sm90_fp8_wgrad_matrix_full_20260629T100608Z/minimax_m3/ep16/balanced/sonic_custom,artifacts/sm90_fp8_wgrad_matrix_full_20260629T100608Z/minimax_m3/ep16/balanced/sonic_custom/results.json,,
minimax_m3,MiniMax-M3,balanced,16,sonic_custom,5,128,8,4,6144,3072,16384,16384,sonic_bf16,Sonic BF16,ok,22.727733333333333,1.0,326.54833540320783,2.8551927044873082e-08,4.941165568,artifacts/sm90_fp8_wgrad_matrix_full_20260629T100608Z/minimax_m3/ep16/balanced/sonic_custom,artifacts/sm90_fp8_wgrad_matrix_full_20260629T100608Z/minimax_m3/ep16/balanced/sonic_custom/results.json,,
minimax_m3,MiniMax-M3,balanced,16,sonic_custom,5,128,8,4,6144,3072,16384,16384,custom_cute_fp8_bf16_out,Custom CuTe FP8,ok,15.523640104166667,1.464072419923793,478.0904116358609,2.4096880102408846e-07,5.998130176,artifacts/sm90_fp8_wgrad_matrix_full_20260629T100608Z/minimax_m3/ep16/balanced/sonic_custom,artifacts/sm90_fp8_wgrad_matrix_full_20260629T100608Z/minimax_m3/ep16/balanced/sonic_custom/results.json,,
minimax_m3,MiniMax-M3,balanced,16,sonic_custom,5,128,8,4,6144,3072,32768,32768,sonic_bf16,Sonic BF16,ok,45.72400416666667,1.0,324.6305140046553,5.2988509691154206e-08,8.56531456,artifacts/sm90_fp8_wgrad_matrix_full_20260629T100608Z/minimax_m3/ep16/balanced/sonic_custom,artifacts/sm90_fp8_wgrad_matrix_full_20260629T100608Z/minimax_m3/ep16/balanced/sonic_custom/results.json,,
minimax_m3,MiniMax-M3,balanced,16,sonic_custom,5,128,8,4,6144,3072,32768,32768,custom_cute_fp8_bf16_out,Custom CuTe FP8,ok,29.599845833333333,1.5447379160054746,501.46906367533734,2.406871615345807e-07,10.67295232,artifacts/sm90_fp8_wgrad_matrix_full_20260629T100608Z/minimax_m3/ep16/balanced/sonic_custom,artifacts/sm90_fp8_wgrad_matrix_full_20260629T100608Z/minimax_m3/ep16/balanced/sonic_custom/results.json,,
minimax_m3,MiniMax-M3,skewed,8,sonic_custom,1,128,16,4,6144,3072,4096,4096,sonic_bf16,Sonic BF16,ok,6.68442109375,1.0,277.57465393777204,9.009094581458044e-09,3.313574912,artifacts/sm90_fp8_wgrad_matrix_full_20260629T100608Z/minimax_m3/ep8/skewed/sonic_custom,artifacts/sm90_fp8_wgrad_matrix_full_20260629T100608Z/minimax_m3/ep8/skewed/sonic_custom/results.json,,
minimax_m3,MiniMax-M3,skewed,8,sonic_custom,1,128,16,4,6144,3072,4096,4096,custom_cute_fp8_bf16_out,Custom CuTe FP8,ok,4.414129947916667,1.5143235864419535,420.337845456431,2.42219295953916e-07,3.421193216,artifacts/sm90_fp8_wgrad_matrix_full_20260629T100608Z/minimax_m3/ep8/skewed/sonic_custom,artifacts/sm90_fp8_wgrad_matrix_full_20260629T100608Z/minimax_m3/ep8/skewed/sonic_custom/results.json,,
minimax_m3,MiniMax-M3,skewed,8,sonic_custom,1,128,16,4,6144,3072,8192,8192,sonic_bf16,Sonic BF16,ok,12.855521614583333,1.0,288.6582011214855,2.0232837405487203e-08,4.404161536,artifacts/sm90_fp8_wgrad_matrix_full_20260629T100608Z/minimax_m3/ep8/skewed/sonic_custom,artifacts/sm90_fp8_wgrad_matrix_full_20260629T100608Z/minimax_m3/ep8/skewed/sonic_custom/results.json,,
minimax_m3,MiniMax-M3,skewed,8,sonic_custom,1,128,16,4,6144,3072,8192,8192,custom_cute_fp8_bf16_out,Custom CuTe FP8,ok,8.20638046875,1.5665276139142368,452.19104303961655,2.3812094329667133e-07,4.596911104,artifacts/sm90_fp8_wgrad_matrix_full_20260629T100608Z/minimax_m3/ep8/skewed/sonic_custom,artifacts/sm90_fp8_wgrad_matrix_full_20260629T100608Z/minimax_m3/ep8/skewed/sonic_custom/results.json,,
minimax_m3,MiniMax-M3,skewed,8,sonic_custom,1,128,16,4,6144,3072,16384,16384,sonic_bf16,Sonic BF16,ok,27.520390625,1.0,269.6801651044152,3.232884115966783e-08,6.573800448,artifacts/sm90_fp8_wgrad_matrix_full_20260629T100608Z/minimax_m3/ep8/skewed/sonic_custom,artifacts/sm90_fp8_wgrad_matrix_full_20260629T100608Z/minimax_m3/ep8/skewed/sonic_custom/results.json,,
minimax_m3,MiniMax-M3,skewed,8,sonic_custom,1,128,16,4,6144,3072,16384,16384,custom_cute_fp8_bf16_out,Custom CuTe FP8,ok,15.701925520833333,1.752676166275653,472.6619978957915,2.4158739675428365e-07,6.92731392,artifacts/sm90_fp8_wgrad_matrix_full_20260629T100608Z/minimax_m3/ep8/skewed/sonic_custom,artifacts/sm90_fp8_wgrad_matrix_full_20260629T100608Z/minimax_m3/ep8/skewed/sonic_custom/results.json,,
minimax_m3,MiniMax-M3,skewed,8,sonic_custom,1,128,16,4,6144,3072,32768,32768,sonic_bf16,Sonic BF16,ok,53.8553125,1.0,275.61639299699544,7.061707030242559e-08,10.909932544,artifacts/sm90_fp8_wgrad_matrix_full_20260629T100608Z/minimax_m3/ep8/skewed/sonic_custom,artifacts/sm90_fp8_wgrad_matrix_full_20260629T100608Z/minimax_m3/ep8/skewed/sonic_custom/results.json,,
minimax_m3,MiniMax-M3,skewed,8,sonic_custom,1,128,16,4,6144,3072,32768,32768,custom_cute_fp8_bf16_out,Custom CuTe FP8,ok,32.64041458333333,1.6499579796238035,454.7554669405228,2.407556586314641e-07,11.6031232,artifacts/sm90_fp8_wgrad_matrix_full_20260629T100608Z/minimax_m3/ep8/skewed/sonic_custom,artifacts/sm90_fp8_wgrad_matrix_full_20260629T100608Z/minimax_m3/ep8/skewed/sonic_custom/results.json,,
qwen3_5_397b_a17b,Qwen3.5-397B-A17B,balanced,1,deepgemm,5,512,512,10,4096,1024,4096,4096,deepgemm_fp8,DeepGEMM FP8,failed,44.480147395833335,,23.174207177572416,0.0019271684605323136,36.952081408,artifacts/sm90_fp8_wgrad_matrix_full_20260629T100608Z/qwen3_5_397b_a17b/ep1/balanced/deepgemm,artifacts/sm90_fp8_wgrad_matrix_full_20260629T100608Z/qwen3_5_397b_a17b/ep1/balanced/deepgemm/results.json,artifacts/sm90_fp8_wgrad_matrix_full_20260629T100608Z/qwen3_5_397b_a17b/ep1/balanced/deepgemm/tokens_4k_deepgemm_fp8/logs/deepgemm_fp8.error.log,DeepSeek calc_diff max=1.927168e-03 exceeds gate 1.000000e-03; down=1.927168e-03; gate_up=4.641518e-09
qwen3_5_397b_a17b,Qwen3.5-397B-A17B,balanced,1,deepgemm,5,512,512,10,4096,1024,8192,8192,deepgemm_fp8,DeepGEMM FP8,failed,,,,,22.25534464,artifacts/sm90_fp8_wgrad_matrix_full_20260629T100608Z/qwen3_5_397b_a17b/ep1/balanced/deepgemm,artifacts/sm90_fp8_wgrad_matrix_full_20260629T100608Z/qwen3_5_397b_a17b/ep1/balanced/deepgemm/results.json,artifacts/sm90_fp8_wgrad_matrix_full_20260629T100608Z/qwen3_5_397b_a17b/ep1/balanced/deepgemm/tokens_8k_deepgemm_fp8/logs/deepgemm_fp8.error.log,"Traceback (most recent call last):
  File ""sm90-fp8-wgrad/scripts/benchmark_wgrad.py"", line 744, in run_one_case
    down_fn()
  File ""sm90-fp8-wgrad/scripts/benchmark_wgrad.py"", line 736, in <lambda>
    down_fn = lambda: run_deepgemm_wgrad(
                      ^^^^^^^^^^^^^^^^^^^
  File ""sm90-fp8-wgrad/src/sm90_fp8_wgrad/deepgemm_baseline.py"", line 83, in run_deepgemm_wgrad
    fn(
RuntimeError: CUDA driver error (csrc/apis/../jit_kernels/impls/../../jit/handle.hpp:178): 1 (CUDA_ERROR_INVALID_VALUE, invalid argument)"
qwen3_5_397b_a17b,Qwen3.5-397B-A17B,skewed,1,deepgemm,5,512,512,10,4096,1024,4096,4096,deepgemm_fp8,DeepGEMM FP8,ok,45.324785416666664,,22.74235038432109,0.0005365063778028922,37.617210368,artifacts/sm90_fp8_wgrad_matrix_full_20260629T100608Z/qwen3_5_397b_a17b/ep1/skewed/deepgemm,artifacts/sm90_fp8_wgrad_matrix_full_20260629T100608Z/qwen3_5_397b_a17b/ep1/skewed/deepgemm/results.json,,
qwen3_5_397b_a17b,Qwen3.5-397B-A17B,skewed,1,deepgemm,5,512,512,10,4096,1024,8192,8192,deepgemm_fp8,DeepGEMM FP8,failed,,,,,22.18735104,artifacts/sm90_fp8_wgrad_matrix_full_20260629T100608Z/qwen3_5_397b_a17b/ep1/skewed/deepgemm,artifacts/sm90_fp8_wgrad_matrix_full_20260629T100608Z/qwen3_5_397b_a17b/ep1/skewed/deepgemm/results.json,artifacts/sm90_fp8_wgrad_matrix_full_20260629T100608Z/qwen3_5_397b_a17b/ep1/skewed/deepgemm/tokens_8k_deepgemm_fp8/logs/deepgemm_fp8.error.log,"Traceback (most recent call last):
  File ""sm90-fp8-wgrad/scripts/benchmark_wgrad.py"", line 744, in run_one_case
    down_fn()
  File ""sm90-fp8-wgrad/scripts/benchmark_wgrad.py"", line 736, in <lambda>
    down_fn = lambda: run_deepgemm_wgrad(
                      ^^^^^^^^^^^^^^^^^^^
  File ""sm90-fp8-wgrad/src/sm90_fp8_wgrad/deepgemm_baseline.py"", line 83, in run_deepgemm_wgrad
    fn(
RuntimeError: CUDA driver error (csrc/apis/../jit_kernels/impls/../../jit/handle.hpp:178): 1 (CUDA_ERROR_INVALID_VALUE, invalid argument)"
qwen3_5_397b_a17b,Qwen3.5-397B-A17B,balanced,1,sonic_custom,2,512,512,10,4096,1024,4096,4096,sonic_bf16,Sonic BF16,ok,7.6524140625,1.0,134.70156510365905,2.328754966640645e-10,13.99435776,artifacts/sm90_fp8_wgrad_matrix_full_20260629T100608Z/qwen3_5_397b_a17b/ep1/balanced/sonic_custom,artifacts/sm90_fp8_wgrad_matrix_full_20260629T100608Z/qwen3_5_397b_a17b/ep1/balanced/sonic_custom/results.json,,
qwen3_5_397b_a17b,Qwen3.5-397B-A17B,balanced,1,sonic_custom,2,512,512,10,4096,1024,4096,4096,custom_cute_fp8_bf16_out,Custom CuTe FP8,ok,7.508998958333334,1.019099097624392,137.27424344573225,1.9124089856159543e-07,14.755623936,artifacts/sm90_fp8_wgrad_matrix_full_20260629T100608Z/qwen3_5_397b_a17b/ep1/balanced/sonic_custom,artifacts/sm90_fp8_wgrad_matrix_full_20260629T100608Z/qwen3_5_397b_a17b/ep1/balanced/sonic_custom/results.json,,
qwen3_5_397b_a17b,Qwen3.5-397B-A17B,balanced,1,sonic_custom,2,512,512,10,4096,1024,8192,8192,sonic_bf16,Sonic BF16,ok,12.736921875,1.0,161.8589108351581,4.657247920647478e-10,14.98661376,artifacts/sm90_fp8_wgrad_matrix_full_20260629T100608Z/qwen3_5_397b_a17b/ep1/balanced/sonic_custom,artifacts/sm90_fp8_wgrad_matrix_full_20260629T100608Z/qwen3_5_397b_a17b/ep1/balanced/sonic_custom/results.json,,
qwen3_5_397b_a17b,Qwen3.5-397B-A17B,balanced,1,sonic_custom,2,512,512,10,4096,1024,8192,8192,custom_cute_fp8_bf16_out,Custom CuTe FP8,ok,10.47528515625,1.2159021625679194,196.80459971535677,2.2269969623955888e-07,16.508097536,artifacts/sm90_fp8_wgrad_matrix_full_20260629T100608Z/qwen3_5_397b_a17b/ep1/balanced/sonic_custom,artifacts/sm90_fp8_wgrad_matrix_full_20260629T100608Z/qwen3_5_397b_a17b/ep1/balanced/sonic_custom/results.json,,
qwen3_5_397b_a17b,Qwen3.5-397B-A17B,balanced,1,sonic_custom,2,512,512,10,4096,1024,16384,16384,sonic_bf16,Sonic BF16,ok,17.748193229166667,1.0,232.3148362721311,7.914860988833539e-10,16.970331136,artifacts/sm90_fp8_wgrad_matrix_full_20260629T100608Z/qwen3_5_397b_a17b/ep1/balanced/sonic_custom,artifacts/sm90_fp8_wgrad_matrix_full_20260629T100608Z/qwen3_5_397b_a17b/ep1/balanced/sonic_custom/results.json,,
qwen3_5_397b_a17b,Qwen3.5-397B-A17B,balanced,1,sonic_custom,2,512,512,10,4096,1024,16384,16384,custom_cute_fp8_bf16_out,Custom CuTe FP8,ok,14.054525,1.2628098942629984,293.3694738285356,2.269262948662032e-07,19.249411072,artifacts/sm90_fp8_wgrad_matrix_full_20260629T100608Z/qwen3_5_397b_a17b/ep1/balanced/sonic_custom,artifacts/sm90_fp8_wgrad_matrix_full_20260629T100608Z/qwen3_5_397b_a17b/ep1/balanced/sonic_custom/results.json,,
qwen3_5_397b_a17b,Qwen3.5-397B-A17B,balanced,1,sonic_custom,2,512,512,10,4096,1024,32768,32768,sonic_bf16,Sonic BF16,ok,32.28652395833333,1.0,255.4111188606779,1.6298814520254723e-09,20.938290176,artifacts/sm90_fp8_wgrad_matrix_full_20260629T100608Z/qwen3_5_397b_a17b/ep1/balanced/sonic_custom,artifacts/sm90_fp8_wgrad_matrix_full_20260629T100608Z/qwen3_5_397b_a17b/ep1/balanced/sonic_custom/results.json,,
qwen3_5_397b_a17b,Qwen3.5-397B-A17B,balanced,1,sonic_custom,2,512,512,10,4096,1024,32768,32768,custom_cute_fp8_bf16_out,Custom CuTe FP8,ok,20.3635203125,1.585507980096864,404.95636715907347,2.4022048006333563e-07,24.732038144,artifacts/sm90_fp8_wgrad_matrix_full_20260629T100608Z/qwen3_5_397b_a17b/ep1/balanced/sonic_custom,artifacts/sm90_fp8_wgrad_matrix_full_20260629T100608Z/qwen3_5_397b_a17b/ep1/balanced/sonic_custom/results.json,,
minimax_m3,MiniMax-M3,skewed,16,sonic_custom,4,128,8,4,6144,3072,4096,4096,sonic_bf16,Sonic BF16,ok,6.651283854166667,1.0,278.95755354203936,1.4729544917102544e-08,2.451416064,artifacts/sm90_fp8_wgrad_matrix_full_20260629T100608Z/minimax_m3/ep16/skewed/sonic_custom,artifacts/sm90_fp8_wgrad_matrix_full_20260629T100608Z/minimax_m3/ep16/skewed/sonic_custom/results.json,,
minimax_m3,MiniMax-M3,skewed,16,sonic_custom,4,128,8,4,6144,3072,4096,4096,custom_cute_fp8_bf16_out,Custom CuTe FP8,ok,4.051343489583333,1.6417476995639115,457.9779218036199,2.473590755558419e-07,2.507219968,artifacts/sm90_fp8_wgrad_matrix_full_20260629T100608Z/minimax_m3/ep16/skewed/sonic_custom,artifacts/sm90_fp8_wgrad_matrix_full_20260629T100608Z/minimax_m3/ep16/skewed/sonic_custom/results.json,,
minimax_m3,MiniMax-M3,skewed,16,sonic_custom,4,128,8,4,6144,3072,8192,8192,sonic_bf16,Sonic BF16,ok,13.013546354166667,1.0,285.15299694274825,2.116535235963113e-08,3.591465984,artifacts/sm90_fp8_wgrad_matrix_full_20260629T100608Z/minimax_m3/ep16/skewed/sonic_custom,artifacts/sm90_fp8_wgrad_matrix_full_20260629T100608Z/minimax_m3/ep16/skewed/sonic_custom/results.json,,
minimax_m3,MiniMax-M3,skewed,16,sonic_custom,4,128,8,4,6144,3072,8192,8192,custom_cute_fp8_bf16_out,Custom CuTe FP8,ok,7.763177083333333,1.6763170818433712,478.0068397139595,2.3467100063179203e-07,3.677744128,artifacts/sm90_fp8_wgrad_matrix_full_20260629T100608Z/minimax_m3/ep16/skewed/sonic_custom,artifacts/sm90_fp8_wgrad_matrix_full_20260629T100608Z/minimax_m3/ep16/skewed/sonic_custom/results.json,,
minimax_m3,MiniMax-M3,skewed,16,sonic_custom,4,128,8,4,6144,3072,16384,16384,sonic_bf16,Sonic BF16,ok,26.554825,1.0,279.48606279604553,4.226127670037272e-08,5.8681088,artifacts/sm90_fp8_wgrad_matrix_full_20260629T100608Z/minimax_m3/ep16/skewed/sonic_custom,artifacts/sm90_fp8_wgrad_matrix_full_20260629T100608Z/minimax_m3/ep16/skewed/sonic_custom/results.json,,
minimax_m3,MiniMax-M3,skewed,16,sonic_custom,4,128,8,4,6144,3072,16384,16384,custom_cute_fp8_bf16_out,Custom CuTe FP8,ok,15.5183625,1.711187311161213,478.25300430299905,2.399069347625016e-07,6.013524992,artifacts/sm90_fp8_wgrad_matrix_full_20260629T100608Z/minimax_m3/ep16/skewed/sonic_custom,artifacts/sm90_fp8_wgrad_matrix_full_20260629T100608Z/minimax_m3/ep16/skewed/sonic_custom/results.json,,
minimax_m3,MiniMax-M3,skewed,16,sonic_custom,4,128,8,4,6144,3072,32768,32768,sonic_bf16,Sonic BF16,ok,54.736420833333334,1.0,271.1797145117073,8.982474519747541e-08,10.428816384,artifacts/sm90_fp8_wgrad_matrix_full_20260629T100608Z/minimax_m3/ep16/skewed/sonic_custom,artifacts/sm90_fp8_wgrad_matrix_full_20260629T100608Z/minimax_m3/ep16/skewed/sonic_custom/results.json,,
minimax_m3,MiniMax-M3,skewed,16,sonic_custom,4,128,8,4,6144,3072,32768,32768,custom_cute_fp8_bf16_out,Custom CuTe FP8,ok,31.4981875,1.7377641438363187,471.2463844142143,2.3818624661497978e-07,10.682911744,artifacts/sm90_fp8_wgrad_matrix_full_20260629T100608Z/minimax_m3/ep16/skewed/sonic_custom,artifacts/sm90_fp8_wgrad_matrix_full_20260629T100608Z/minimax_m3/ep16/skewed/sonic_custom/results.json,,
qwen3_5_397b_a17b,Qwen3.5-397B-A17B,balanced,8,deepgemm,2,512,64,10,4096,1024,4096,4096,deepgemm_fp8,DeepGEMM FP8,ok,5.955119140625,,173.0934556805217,1.2315565678377993e-08,6.312078848,artifacts/sm90_fp8_wgrad_matrix_full_20260629T100608Z/qwen3_5_397b_a17b/ep8/balanced/deepgemm,artifacts/sm90_fp8_wgrad_matrix_full_20260629T100608Z/qwen3_5_397b_a17b/ep8/balanced/deepgemm/results.json,,
qwen3_5_397b_a17b,Qwen3.5-397B-A17B,balanced,8,deepgemm,2,512,64,10,4096,1024,8192,8192,deepgemm_fp8,DeepGEMM FP8,ok,7.014171744791667,,293.91699791366204,8.582929034162134e-09,8.261092864,artifacts/sm90_fp8_wgrad_matrix_full_20260629T100608Z/qwen3_5_397b_a17b/ep8/balanced/deepgemm,artifacts/sm90_fp8_wgrad_matrix_full_20260629T100608Z/qwen3_5_397b_a17b/ep8/balanced/deepgemm/results.json,,
qwen3_5_397b_a17b,Qwen3.5-397B-A17B,skewed,8,deepgemm,2,512,64,10,4096,1024,4096,4096,deepgemm_fp8,DeepGEMM FP8,ok,6.510324088541666,,158.33192587973,0.00010473609962635688,6.395852288,artifacts/sm90_fp8_wgrad_matrix_full_20260629T100608Z/qwen3_5_397b_a17b/ep8/skewed/deepgemm,artifacts/sm90_fp8_wgrad_matrix_full_20260629T100608Z/qwen3_5_397b_a17b/ep8/skewed/deepgemm/results.json,,
qwen3_5_397b_a17b,Qwen3.5-397B-A17B,skewed,8,deepgemm,2,512,64,10,4096,1024,8192,8192,deepgemm_fp8,DeepGEMM FP8,ok,8.259522721354166,,249.60089966820735,1.1239039476862445e-08,8.348962304,artifacts/sm90_fp8_wgrad_matrix_full_20260629T100608Z/qwen3_5_397b_a17b/ep8/skewed/deepgemm,artifacts/sm90_fp8_wgrad_matrix_full_20260629T100608Z/qwen3_5_397b_a17b/ep8/skewed/deepgemm/results.json,,
qwen3_5_397b_a17b,Qwen3.5-397B-A17B,balanced,8,sonic_custom,5,512,64,10,4096,1024,4096,4096,sonic_bf16,Sonic BF16,ok,2.9887619791666666,1.0,344.88934154850557,1.489839362989187e-09,2.733812736,artifacts/sm90_fp8_wgrad_matrix_full_20260629T100608Z/qwen3_5_397b_a17b/ep8/balanced/sonic_custom,artifacts/sm90_fp8_wgrad_matrix_full_20260629T100608Z/qwen3_5_397b_a17b/ep8/balanced/sonic_custom/results.json,,
qwen3_5_397b_a17b,Qwen3.5-397B-A17B,balanced,8,sonic_custom,5,512,64,10,4096,1024,4096,4096,custom_cute_fp8_bf16_out,Custom CuTe FP8,ok,2.5677750651041666,1.1639500748269094,401.4339749023865,2.399675741449059e-07,3.197283328,artifacts/sm90_fp8_wgrad_matrix_full_20260629T100608Z/qwen3_5_397b_a17b/ep8/balanced/sonic_custom,artifacts/sm90_fp8_wgrad_matrix_full_20260629T100608Z/qwen3_5_397b_a17b/ep8/balanced/sonic_custom/results.json,,
qwen3_5_397b_a17b,Qwen3.5-397B-A17B,balanced,8,sonic_custom,5,512,64,10,4096,1024,8192,8192,sonic_bf16,Sonic BF16,ok,6.798040625,1.0,303.2615448778669,3.539234016969317e-09,3.739565056,artifacts/sm90_fp8_wgrad_matrix_full_20260629T100608Z/qwen3_5_397b_a17b/ep8/balanced/sonic_custom,artifacts/sm90_fp8_wgrad_matrix_full_20260629T100608Z/qwen3_5_397b_a17b/ep8/balanced/sonic_custom/results.json,,
qwen3_5_397b_a17b,Qwen3.5-397B-A17B,balanced,8,sonic_custom,5,512,64,10,4096,1024,8192,8192,custom_cute_fp8_bf16_out,Custom CuTe FP8,ok,4.5789510416666666,1.4846283708081796,450.2306933007992,2.414421810259526e-07,4.663360512,artifacts/sm90_fp8_wgrad_matrix_full_20260629T100608Z/qwen3_5_397b_a17b/ep8/balanced/sonic_custom,artifacts/sm90_fp8_wgrad_matrix_full_20260629T100608Z/qwen3_5_397b_a17b/ep8/balanced/sonic_custom/results.json,,
qwen3_5_397b_a17b,Qwen3.5-397B-A17B,balanced,8,sonic_custom,5,512,64,10,4096,1024,16384,16384,sonic_bf16,Sonic BF16,ok,13.7421703125,1.0,300.03765856471216,1.1175312009115146e-08,5.751071744,artifacts/sm90_fp8_wgrad_matrix_full_20260629T100608Z/qwen3_5_397b_a17b/ep8/balanced/sonic_custom,artifacts/sm90_fp8_wgrad_matrix_full_20260629T100608Z/qwen3_5_397b_a17b/ep8/balanced/sonic_custom/results.json,,
qwen3_5_397b_a17b,Qwen3.5-397B-A17B,balanced,8,sonic_custom,5,512,64,10,4096,1024,16384,16384,custom_cute_fp8_bf16_out,Custom CuTe FP8,ok,8.549030208333333,1.6074537085042178,482.29664695076895,2.4104136830960243e-07,7.595516928,artifacts/sm90_fp8_wgrad_matrix_full_20260629T100608Z/qwen3_5_397b_a17b/ep8/balanced/sonic_custom,artifacts/sm90_fp8_wgrad_matrix_full_20260629T100608Z/qwen3_5_397b_a17b/ep8/balanced/sonic_custom/results.json,,
qwen3_5_397b_a17b,Qwen3.5-397B-A17B,balanced,8,sonic_custom,5,512,64,10,4096,1024,32768,32768,sonic_bf16,Sonic BF16,ok,26.077363541666667,1.0,316.22587901357133,1.4714398699489095e-08,9.77408512,artifacts/sm90_fp8_wgrad_matrix_full_20260629T100608Z/qwen3_5_397b_a17b/ep8/balanced/sonic_custom,artifacts/sm90_fp8_wgrad_matrix_full_20260629T100608Z/qwen3_5_397b_a17b/ep8/balanced/sonic_custom/results.json,,
qwen3_5_397b_a17b,Qwen3.5-397B-A17B,balanced,8,sonic_custom,5,512,64,10,4096,1024,32768,32768,custom_cute_fp8_bf16_out,Custom CuTe FP8,ok,16.749361979166665,1.5569168290769784,492.3373928258897,2.3488561384787943e-07,13.457732608,artifacts/sm90_fp8_wgrad_matrix_full_20260629T100608Z/qwen3_5_397b_a17b/ep8/balanced/sonic_custom,artifacts/sm90_fp8_wgrad_matrix_full_20260629T100608Z/qwen3_5_397b_a17b/ep8/balanced/sonic_custom/results.json,,
qwen3_5_397b_a17b,Qwen3.5-397B-A17B,balanced,16,deepgemm,5,512,32,10,4096,1024,4096,4096,deepgemm_fp8,DeepGEMM FP8,ok,3.4319852539062503,,300.34865384889486,7.463263784757146e-09,4.1645952,artifacts/sm90_fp8_wgrad_matrix_full_20260629T100608Z/qwen3_5_397b_a17b/ep16/balanced/deepgemm,artifacts/sm90_fp8_wgrad_matrix_full_20260629T100608Z/qwen3_5_397b_a17b/ep16/balanced/deepgemm/results.json,,
qwen3_5_397b_a17b,Qwen3.5-397B-A17B,balanced,16,deepgemm,5,512,32,10,4096,1024,8192,8192,deepgemm_fp8,DeepGEMM FP8,ok,5.127645052083333,,402.0528490446876,1.3435568879671678e-08,6.113609216,artifacts/sm90_fp8_wgrad_matrix_full_20260629T100608Z/qwen3_5_397b_a17b/ep16/balanced/deepgemm,artifacts/sm90_fp8_wgrad_matrix_full_20260629T100608Z/qwen3_5_397b_a17b/ep16/balanced/deepgemm/results.json,,
qwen3_5_397b_a17b,Qwen3.5-397B-A17B,skewed,1,sonic_custom,1,512,512,10,4096,1024,4096,4096,sonic_bf16,Sonic BF16,ok,7.959047135416666,1.0,129.51200482946211,1.0340228451255484e-08,14.209205248,artifacts/sm90_fp8_wgrad_matrix_full_20260629T100608Z/qwen3_5_397b_a17b/ep1/skewed/sonic_custom,artifacts/sm90_fp8_wgrad_matrix_full_20260629T100608Z/qwen3_5_397b_a17b/ep1/skewed/sonic_custom/results.json,,
qwen3_5_397b_a17b,Qwen3.5-397B-A17B,skewed,1,sonic_custom,1,512,512,10,4096,1024,4096,4096,custom_cute_fp8_bf16_out,Custom CuTe FP8,ok,8.6893203125,0.9159573878255126,118.6274776356393,2.0892898167090834e-07,15.08735488,artifacts/sm90_fp8_wgrad_matrix_full_20260629T100608Z/qwen3_5_397b_a17b/ep1/skewed/sonic_custom,artifacts/sm90_fp8_wgrad_matrix_full_20260629T100608Z/qwen3_5_397b_a17b/ep1/skewed/sonic_custom/results.json,,
qwen3_5_397b_a17b,Qwen3.5-397B-A17B,skewed,1,sonic_custom,1,512,512,10,4096,1024,8192,8192,sonic_bf16,Sonic BF16,ok,10.747175,1.0,191.82569392235632,2.1012808160136842e-08,15.417955328,artifacts/sm90_fp8_wgrad_matrix_full_20260629T100608Z/qwen3_5_397b_a17b/ep1/skewed/sonic_custom,artifacts/sm90_fp8_wgrad_matrix_full_20260629T100608Z/qwen3_5_397b_a17b/ep1/skewed/sonic_custom/results.json,,
qwen3_5_397b_a17b,Qwen3.5-397B-A17B,skewed,1,sonic_custom,1,512,512,10,4096,1024,8192,8192,custom_cute_fp8_bf16_out,Custom CuTe FP8,ok,10.53447421875,1.020190925226379,195.6988321648409,2.1834990604485682e-07,16.475296768,artifacts/sm90_fp8_wgrad_matrix_full_20260629T100608Z/qwen3_5_397b_a17b/ep1/skewed/sonic_custom,artifacts/sm90_fp8_wgrad_matrix_full_20260629T100608Z/qwen3_5_397b_a17b/ep1/skewed/sonic_custom/results.json,,
qwen3_5_397b_a17b,Qwen3.5-397B-A17B,skewed,1,sonic_custom,1,512,512,10,4096,1024,16384,16384,sonic_bf16,Sonic BF16,ok,15.6006828125,1.0,264.29411159211077,3.4172707330526464e-08,17.829379072,artifacts/sm90_fp8_wgrad_matrix_full_20260629T100608Z/qwen3_5_397b_a17b/ep1/skewed/sonic_custom,artifacts/sm90_fp8_wgrad_matrix_full_20260629T100608Z/qwen3_5_397b_a17b/ep1/skewed/sonic_custom/results.json,,
qwen3_5_397b_a17b,Qwen3.5-397B-A17B,skewed,1,sonic_custom,1,512,512,10,4096,1024,16384,16384,custom_cute_fp8_bf16_out,Custom CuTe FP8,ok,14.357369270833333,1.0865975874976226,287.1813440458151,2.3278229044354504e-07,19.30417664,artifacts/sm90_fp8_wgrad_matrix_full_20260629T100608Z/qwen3_5_397b_a17b/ep1/skewed/sonic_custom,artifacts/sm90_fp8_wgrad_matrix_full_20260629T100608Z/qwen3_5_397b_a17b/ep1/skewed/sonic_custom/results.json,,
qwen3_5_397b_a17b,Qwen3.5-397B-A17B,skewed,1,sonic_custom,1,512,512,10,4096,1024,32768,32768,sonic_bf16,Sonic BF16,ok,38.39425729166667,1.0,214.7804851563006,6.6642538487649e-08,22.660137984,artifacts/sm90_fp8_wgrad_matrix_full_20260629T100608Z/qwen3_5_397b_a17b/ep1/skewed/sonic_custom,artifacts/sm90_fp8_wgrad_matrix_full_20260629T100608Z/qwen3_5_397b_a17b/ep1/skewed/sonic_custom/results.json,,
qwen3_5_397b_a17b,Qwen3.5-397B-A17B,skewed,1,sonic_custom,1,512,512,10,4096,1024,32768,32768,custom_cute_fp8_bf16_out,Custom CuTe FP8,ok,23.51630260416667,1.6326655570788535,350.664700447378,2.4006628251971307e-07,25.085051904,artifacts/sm90_fp8_wgrad_matrix_full_20260629T100608Z/qwen3_5_397b_a17b/ep1/skewed/sonic_custom,artifacts/sm90_fp8_wgrad_matrix_full_20260629T100608Z/qwen3_5_397b_a17b/ep1/skewed/sonic_custom/results.json,,
qwen3_5_397b_a17b,Qwen3.5-397B-A17B,skewed,16,deepgemm,1,512,32,10,4096,1024,4096,4096,deepgemm_fp8,DeepGEMM FP8,ok,3.8823173828125,,265.50950100150095,6.906812233253845e-09,4.2123648,artifacts/sm90_fp8_wgrad_matrix_full_20260629T100608Z/qwen3_5_397b_a17b/ep16/skewed/deepgemm,artifacts/sm90_fp8_wgrad_matrix_full_20260629T100608Z/qwen3_5_397b_a17b/ep16/skewed/deepgemm/results.json,,
qwen3_5_397b_a17b,Qwen3.5-397B-A17B,skewed,16,deepgemm,1,512,32,10,4096,1024,8192,8192,deepgemm_fp8,DeepGEMM FP8,ok,5.8902697265625,,349.9982849313624,3.496607448028044e-09,6.161337856,artifacts/sm90_fp8_wgrad_matrix_full_20260629T100608Z/qwen3_5_397b_a17b/ep16/skewed/deepgemm,artifacts/sm90_fp8_wgrad_matrix_full_20260629T100608Z/qwen3_5_397b_a17b/ep16/skewed/deepgemm/results.json,,
qwen3_5_397b_a17b,Qwen3.5-397B-A17B,skewed,8,sonic_custom,4,512,64,10,4096,1024,4096,4096,sonic_bf16,Sonic BF16,ok,3.561886197916667,1.0,289.3950266134011,1.196500554190294e-08,2.995817472,artifacts/sm90_fp8_wgrad_matrix_full_20260629T100608Z/qwen3_5_397b_a17b/ep8/skewed/sonic_custom,artifacts/sm90_fp8_wgrad_matrix_full_20260629T100608Z/qwen3_5_397b_a17b/ep8/skewed/sonic_custom/results.json,,
qwen3_5_397b_a17b,Qwen3.5-397B-A17B,skewed,8,sonic_custom,4,512,64,10,4096,1024,4096,4096,custom_cute_fp8_bf16_out,Custom CuTe FP8,ok,2.8435964192708334,1.2525990586350577,362.4959379096137,2.3624889811113547e-07,3.238652928,artifacts/sm90_fp8_wgrad_matrix_full_20260629T100608Z/qwen3_5_397b_a17b/ep8/skewed/sonic_custom,artifacts/sm90_fp8_wgrad_matrix_full_20260629T100608Z/qwen3_5_397b_a17b/ep8/skewed/sonic_custom/results.json,,
qwen3_5_397b_a17b,Qwen3.5-397B-A17B,skewed,8,sonic_custom,4,512,64,10,4096,1024,8192,8192,sonic_bf16,Sonic BF16,ok,8.268023697916666,1.0,249.34426622403942,3.5861447478247044e-08,4.256007168,artifacts/sm90_fp8_wgrad_matrix_full_20260629T100608Z/qwen3_5_397b_a17b/ep8/skewed/sonic_custom,artifacts/sm90_fp8_wgrad_matrix_full_20260629T100608Z/qwen3_5_397b_a17b/ep8/skewed/sonic_custom/results.json,,
qwen3_5_397b_a17b,Qwen3.5-397B-A17B,skewed,8,sonic_custom,4,512,64,10,4096,1024,8192,8192,custom_cute_fp8_bf16_out,Custom CuTe FP8,ok,4.96954375,1.6637389897043702,414.8437775761608,2.3811886173952246e-07,4.706173952,artifacts/sm90_fp8_wgrad_matrix_full_20260629T100608Z/qwen3_5_397b_a17b/ep8/skewed/sonic_custom,artifacts/sm90_fp8_wgrad_matrix_full_20260629T100608Z/qwen3_5_397b_a17b/ep8/skewed/sonic_custom/results.json,,
qwen3_5_397b_a17b,Qwen3.5-397B-A17B,skewed,8,sonic_custom,4,512,64,10,4096,1024,16384,16384,sonic_bf16,Sonic BF16,ok,15.438659895833334,1.0,267.0677786789501,4.2608607975225254e-08,6.77940736,artifacts/sm90_fp8_wgrad_matrix_full_20260629T100608Z/qwen3_5_397b_a17b/ep8/skewed/sonic_custom,artifacts/sm90_fp8_wgrad_matrix_full_20260629T100608Z/qwen3_5_397b_a17b/ep8/skewed/sonic_custom/results.json,,
qwen3_5_397b_a17b,Qwen3.5-397B-A17B,skewed,8,sonic_custom,4,512,64,10,4096,1024,16384,16384,custom_cute_fp8_bf16_out,Custom CuTe FP8,ok,9.333094270833334,1.6541845017124044,441.77938039747784,2.344070186843794e-07,7.639534592,artifacts/sm90_fp8_wgrad_matrix_full_20260629T100608Z/qwen3_5_397b_a17b/ep8/skewed/sonic_custom,artifacts/sm90_fp8_wgrad_matrix_full_20260629T100608Z/qwen3_5_397b_a17b/ep8/skewed/sonic_custom/results.json,,
qwen3_5_397b_a17b,Qwen3.5-397B-A17B,skewed,8,sonic_custom,4,512,64,10,4096,1024,32768,32768,sonic_bf16,Sonic BF16,ok,30.000736458333332,1.0,274.8711592388062,9.923461907757058e-08,11.832794112,artifacts/sm90_fp8_wgrad_matrix_full_20260629T100608Z/qwen3_5_397b_a17b/ep8/skewed/sonic_custom,artifacts/sm90_fp8_wgrad_matrix_full_20260629T100608Z/qwen3_5_397b_a17b/ep8/skewed/sonic_custom/results.json,,
qwen3_5_397b_a17b,Qwen3.5-397B-A17B,skewed,8,sonic_custom,4,512,64,10,4096,1024,32768,32768,custom_cute_fp8_bf16_out,Custom CuTe FP8,ok,18.280378645833334,1.6411441491214096,451.10319474698605,2.325602459496423e-07,13.505764352,artifacts/sm90_fp8_wgrad_matrix_full_20260629T100608Z/qwen3_5_397b_a17b/ep8/skewed/sonic_custom,artifacts/sm90_fp8_wgrad_matrix_full_20260629T100608Z/qwen3_5_397b_a17b/ep8/skewed/sonic_custom/results.json,,
qwen3_5_397b_a17b,Qwen3.5-397B-A17B,balanced,16,sonic_custom,2,512,32,10,4096,1024,4096,4096,sonic_bf16,Sonic BF16,ok,2.9513636067708333,1.0,349.2596265249125,3.3528884113565027e-09,1.944235008,artifacts/sm90_fp8_wgrad_matrix_full_20260629T100608Z/qwen3_5_397b_a17b/ep16/balanced/sonic_custom,artifacts/sm90_fp8_wgrad_matrix_full_20260629T100608Z/qwen3_5_397b_a17b/ep16/balanced/sonic_custom/results.json,,
qwen3_5_397b_a17b,Qwen3.5-397B-A17B,balanced,16,sonic_custom,2,512,32,10,4096,1024,4096,4096,custom_cute_fp8_bf16_out,Custom CuTe FP8,ok,2.3480551432291668,1.2569396486625801,438.9982722562475,2.4552138855327144e-07,2.39197696,artifacts/sm90_fp8_wgrad_matrix_full_20260629T100608Z/qwen3_5_397b_a17b/ep16/balanced/sonic_custom,artifacts/sm90_fp8_wgrad_matrix_full_20260629T100608Z/qwen3_5_397b_a17b/ep16/balanced/sonic_custom/results.json,,
qwen3_5_397b_a17b,Qwen3.5-397B-A17B,balanced,16,sonic_custom,2,512,32,10,4096,1024,8192,8192,sonic_bf16,Sonic BF16,ok,7.31039609375,1.0,282.007195730823,5.961234728069087e-09,2.965715968,artifacts/sm90_fp8_wgrad_matrix_full_20260629T100608Z/qwen3_5_397b_a17b/ep16/balanced/sonic_custom,artifacts/sm90_fp8_wgrad_matrix_full_20260629T100608Z/qwen3_5_397b_a17b/ep16/balanced/sonic_custom/results.json,,
qwen3_5_397b_a17b,Qwen3.5-397B-A17B,balanced,16,sonic_custom,2,512,32,10,4096,1024,8192,8192,custom_cute_fp8_bf16_out,Custom CuTe FP8,ok,4.3382178385416665,1.685115032445549,475.2145647838241,2.4855894442676885e-07,3.858054144,artifacts/sm90_fp8_wgrad_matrix_full_20260629T100608Z/qwen3_5_397b_a17b/ep16/balanced/sonic_custom,artifacts/sm90_fp8_wgrad_matrix_full_20260629T100608Z/qwen3_5_397b_a17b/ep16/balanced/sonic_custom/results.json,,
qwen3_5_397b_a17b,Qwen3.5-397B-A17B,balanced,16,sonic_custom,2,512,32,10,4096,1024,16384,16384,sonic_bf16,Sonic BF16,ok,14.121107291666666,1.0,291.9862103585332,1.639459545899058e-08,5.008679936,artifacts/sm90_fp8_wgrad_matrix_full_20260629T100608Z/qwen3_5_397b_a17b/ep16/balanced/sonic_custom,artifacts/sm90_fp8_wgrad_matrix_full_20260629T100608Z/qwen3_5_397b_a17b/ep16/balanced/sonic_custom/results.json,,
qwen3_5_397b_a17b,Qwen3.5-397B-A17B,balanced,16,sonic_custom,2,512,32,10,4096,1024,16384,16384,custom_cute_fp8_bf16_out,Custom CuTe FP8,ok,8.429144010416667,1.6752718039003625,489.1562653413706,2.4445640267600766e-07,6.79021056,artifacts/sm90_fp8_wgrad_matrix_full_20260629T100608Z/qwen3_5_397b_a17b/ep16/balanced/sonic_custom,artifacts/sm90_fp8_wgrad_matrix_full_20260629T100608Z/qwen3_5_397b_a17b/ep16/balanced/sonic_custom/results.json,,
qwen3_5_397b_a17b,Qwen3.5-397B-A17B,balanced,16,sonic_custom,2,512,32,10,4096,1024,32768,32768,sonic_bf16,Sonic BF16,ok,27.277216666666664,1.0,302.3159330767496,3.390115677071037e-08,9.094607872,artifacts/sm90_fp8_wgrad_matrix_full_20260629T100608Z/qwen3_5_397b_a17b/ep16/balanced/sonic_custom,artifacts/sm90_fp8_wgrad_matrix_full_20260629T100608Z/qwen3_5_397b_a17b/ep16/balanced/sonic_custom/results.json,,
qwen3_5_397b_a17b,Qwen3.5-397B-A17B,balanced,16,sonic_custom,2,512,32,10,4096,1024,32768,32768,custom_cute_fp8_bf16_out,Custom CuTe FP8,ok,17.003627604166667,1.6041998390968348,484.97517119813125,2.395401434984734e-07,12.65242624,artifacts/sm90_fp8_wgrad_matrix_full_20260629T100608Z/qwen3_5_397b_a17b/ep16/balanced/sonic_custom,artifacts/sm90_fp8_wgrad_matrix_full_20260629T100608Z/qwen3_5_397b_a17b/ep16/balanced/sonic_custom/results.json,,
qwen3_5_397b_a17b,Qwen3.5-397B-A17B,skewed,16,sonic_custom,5,512,32,10,4096,1024,4096,4096,sonic_bf16,Sonic BF16,ok,3.004569986979167,1.0,343.07476793921234,1.1547736433747957e-08,2.221648896,artifacts/sm90_fp8_wgrad_matrix_full_20260629T100608Z/qwen3_5_397b_a17b/ep16/skewed/sonic_custom,artifacts/sm90_fp8_wgrad_matrix_full_20260629T100608Z/qwen3_5_397b_a17b/ep16/skewed/sonic_custom/results.json,,
qwen3_5_397b_a17b,Qwen3.5-397B-A17B,skewed,16,sonic_custom,5,512,32,10,4096,1024,4096,4096,custom_cute_fp8_bf16_out,Custom CuTe FP8,ok,2.47787109375,1.2125610547528778,415.99910247147005,2.476594583855629e-07,2.415414272,artifacts/sm90_fp8_wgrad_matrix_full_20260629T100608Z/qwen3_5_397b_a17b/ep16/skewed/sonic_custom,artifacts/sm90_fp8_wgrad_matrix_full_20260629T100608Z/qwen3_5_397b_a17b/ep16/skewed/sonic_custom/results.json,,
qwen3_5_397b_a17b,Qwen3.5-397B-A17B,skewed,16,sonic_custom,5,512,32,10,4096,1024,8192,8192,sonic_bf16,Sonic BF16,ok,7.2222859375,1.0,285.4476158823503,3.1580427717337045e-08,3.517268992,artifacts/sm90_fp8_wgrad_matrix_full_20260629T100608Z/qwen3_5_397b_a17b/ep16/skewed/sonic_custom,artifacts/sm90_fp8_wgrad_matrix_full_20260629T100608Z/qwen3_5_397b_a17b/ep16/skewed/sonic_custom/results.json,,
qwen3_5_397b_a17b,Qwen3.5-397B-A17B,skewed,16,sonic_custom,5,512,32,10,4096,1024,8192,8192,custom_cute_fp8_bf16_out,Custom CuTe FP8,ok,4.556148177083333,1.5851736284229945,452.4840329929184,2.5212943588481807e-07,3.882226688,artifacts/sm90_fp8_wgrad_matrix_full_20260629T100608Z/qwen3_5_397b_a17b/ep16/skewed/sonic_custom,artifacts/sm90_fp8_wgrad_matrix_full_20260629T100608Z/qwen3_5_397b_a17b/ep16/skewed/sonic_custom/results.json,,
qwen3_5_397b_a17b,Qwen3.5-397B-A17B,skewed,16,sonic_custom,5,512,32,10,4096,1024,16384,16384,sonic_bf16,Sonic BF16,ok,13.808634895833334,1.0,298.59349857994573,6.613048675330191e-08,6.104108032,artifacts/sm90_fp8_wgrad_matrix_full_20260629T100608Z/qwen3_5_397b_a17b/ep16/skewed/sonic_custom,artifacts/sm90_fp8_wgrad_matrix_full_20260629T100608Z/qwen3_5_397b_a17b/ep16/skewed/sonic_custom/results.json,,
qwen3_5_397b_a17b,Qwen3.5-397B-A17B,skewed,16,sonic_custom,5,512,32,10,4096,1024,16384,16384,custom_cute_fp8_bf16_out,Custom CuTe FP8,ok,8.862628645833333,1.5580744097097323,465.2308890431128,2.3901546974958165e-07,6.813838336,artifacts/sm90_fp8_wgrad_matrix_full_20260629T100608Z/qwen3_5_397b_a17b/ep16/skewed/sonic_custom,artifacts/sm90_fp8_wgrad_matrix_full_20260629T100608Z/qwen3_5_397b_a17b/ep16/skewed/sonic_custom/results.json,,
qwen3_5_397b_a17b,Qwen3.5-397B-A17B,skewed,16,sonic_custom,5,512,32,10,4096,1024,32768,32768,sonic_bf16,Sonic BF16,ok,29.25346354166667,1.0,281.8926790181433,1.2763544843252816e-07,11.28683008,artifacts/sm90_fp8_wgrad_matrix_full_20260629T100608Z/qwen3_5_397b_a17b/ep16/skewed/sonic_custom,artifacts/sm90_fp8_wgrad_matrix_full_20260629T100608Z/qwen3_5_397b_a17b/ep16/skewed/sonic_custom/results.json,,
qwen3_5_397b_a17b,Qwen3.5-397B-A17B,skewed,16,sonic_custom,5,512,32,10,4096,1024,32768,32768,custom_cute_fp8_bf16_out,Custom CuTe FP8,ok,17.740513020833333,1.6489637874233545,464.8308196406735,2.470013712452257e-07,12.676799488,artifacts/sm90_fp8_wgrad_matrix_full_20260629T100608Z/qwen3_5_397b_a17b/ep16/skewed/sonic_custom,artifacts/sm90_fp8_wgrad_matrix_full_20260629T100608Z/qwen3_5_397b_a17b/ep16/skewed/sonic_custom/results.json,,
